,0
dataset,100.0
participant_id,100.0
session_id,100.0
filename,100.0
Manufacturer,82.31163885868057
RepetitionTime,82.00922905093613
EchoTime,81.30251757797829
MagneticFieldStrength,80.18301345168464
ManufacturersModelName,79.08767598389325
SliceThickness,75.78762079247045
MRAcquisitionType,72.87455871354999
Modality,65.57622784586897
SoftwareVersions,59.18120748382629
SequenceName,57.68875303307893
FlipAngle,55.264902500596
SeriesDescription,49.61676251685952
ProtocolName,49.08934152387111
SequenceVariant,48.196154888686415
ScanningSequence,47.7631144944433
ScanOptions,42.13293621635038
InversionTime,25.12875277181775
