dataset,ADC,DWI,FLAIR,PD,SWI,T1c,T1w,T2star,T2w,angio,bold,perfusion,unknown
PT001_ClevelandCCF,0,0,0,0,0,0,31,0,0,0,0,0,0
PT002_Nigerian_Clinical,0,21,102,0,0,6,397,0,175,0,0,0,0
PT003_CUNMET,0,0,0,0,0,0,59,0,0,0,0,0,114
PT004_ACPI,0,0,0,0,0,0,163,0,0,0,0,0,0
PT005_ADHD_200,0,0,0,0,0,0,279,0,0,0,0,0,694
PT006_AHEAD,0,0,0,0,0,0,105,0,0,0,0,0,315
PT007_ATAG,0,0,0,0,0,0,0,0,0,0,0,0,583
PT008_AdolescentBrainDevelopment,0,392,0,0,0,0,226,0,80,0,0,138,69
PT009_BraTS-GEN,0,0,2612,0,0,0,2612,0,2612,0,0,0,2612
PT010_BrainLat,0,24,90,0,0,0,1173,0,0,0,0,0,924
PT011_CFMM_7T,0,0,0,0,0,0,0,0,0,0,0,0,160
PT012_CHBMP,0,0,0,0,0,0,203,0,0,0,0,0,698
PT013_Calgary_Preschool,0,0,0,0,0,0,0,0,0,0,0,0,1629
PT014_CoRR,0,1,0,0,0,0,112,0,0,0,0,0,5718
PT015_MSD_BrainTumor,0,0,750,0,0,0,750,0,750,0,0,0,750
PT016_GSP,0,1,0,0,0,0,1707,0,0,0,0,0,0
PT017_HBN-SSI,0,335,0,0,0,0,180,0,12,0,0,0,504
PT018_HBN,0,4801,727,2295,0,0,8242,0,4819,0,0,0,5213
PT019_HCP_Wu_Minn_Test_Retest,0,263,0,0,0,0,75,0,70,0,0,0,1052
PT020_HCP_Wu_Minn,0,6952,0,0,0,0,1762,0,1683,0,0,0,27914
PT021_IXI,0,0,0,577,0,0,581,0,578,569,0,0,800
PT022_Bejing_Enhanced,0,0,0,0,0,0,180,0,0,0,0,0,360
PT023_Infant_Development_Brain,0,0,0,0,0,0,833,0,833,0,0,0,0
PT024_M4Raw,0,0,466,0,0,0,699,0,699,0,0,0,366
PT025_age_ility,0,524,0,0,0,0,131,0,0,0,0,0,524
PT026_MICA_MICs,0,0,0,0,0,0,99,0,0,0,0,0,550
PT027_NKI,0,0,2361,0,0,0,2456,0,1137,0,0,0,4704
PT028_OASIS1,0,0,0,0,0,0,1688,0,0,0,0,0,0
PT029_OASIS2,0,0,0,0,0,0,2113,0,0,0,0,0,0
PT030_OpenNeuro/ds000001,0,0,0,0,0,0,16,0,16,0,0,0,0
PT030_OpenNeuro/ds000002,0,0,0,0,0,0,17,0,17,0,0,0,0
PT030_OpenNeuro/ds000003,0,0,0,0,0,0,13,0,13,0,0,0,0
PT030_OpenNeuro/ds000005,0,0,0,0,0,0,16,0,16,0,0,0,0
PT030_OpenNeuro/ds000006,0,0,0,0,0,0,28,0,28,0,0,0,0
PT030_OpenNeuro/ds000007,0,0,0,0,0,0,20,0,20,0,0,0,0
PT030_OpenNeuro/ds000008,0,0,0,0,0,0,14,0,14,0,0,0,0
PT030_OpenNeuro/ds000009,0,0,0,0,0,0,24,0,24,0,0,0,48
PT030_OpenNeuro/ds000011,0,0,0,0,0,0,14,0,14,0,0,0,0
PT030_OpenNeuro/ds000017,0,0,0,0,0,0,16,0,32,0,0,0,0
PT030_OpenNeuro/ds000030,0,524,0,0,0,0,265,0,0,0,0,0,0
PT030_OpenNeuro/ds000031,0,12,0,0,0,0,25,0,19,0,0,0,128
PT030_OpenNeuro/ds000051,0,0,0,0,0,0,27,0,14,0,0,0,0
PT030_OpenNeuro/ds000052,0,0,0,0,0,0,25,0,13,0,0,0,0
PT030_OpenNeuro/ds000053,0,0,0,0,0,0,59,0,0,0,0,0,0
PT030_OpenNeuro/ds000101,0,0,0,0,0,0,21,0,0,0,0,0,0
PT030_OpenNeuro/ds000102,0,0,0,0,0,0,26,0,0,0,0,0,0
PT030_OpenNeuro/ds000105,0,0,0,0,0,0,6,0,0,0,0,0,0
PT030_OpenNeuro/ds000107,0,0,0,0,0,0,49,0,0,0,0,0,0
PT030_OpenNeuro/ds000108,0,0,0,0,0,0,34,0,0,0,0,0,0
PT030_OpenNeuro/ds000109,0,0,0,0,0,0,36,0,0,0,0,0,0
PT030_OpenNeuro/ds000110,0,0,0,0,0,0,18,0,18,0,0,0,0
PT030_OpenNeuro/ds000113,0,0,0,0,0,0,12,0,12,36,0,0,24
PT030_OpenNeuro/ds000114,0,0,0,0,0,0,3,0,0,0,0,0,0
PT030_OpenNeuro/ds000117,0,0,0,0,0,0,240,0,0,0,0,0,22
PT030_OpenNeuro/ds000119,0,0,0,0,0,0,73,0,0,0,0,0,0
PT030_OpenNeuro/ds000120,0,0,0,0,0,0,26,0,0,0,0,0,0
PT030_OpenNeuro/ds000121,0,0,0,0,0,0,28,0,0,0,0,0,0
PT030_OpenNeuro/ds000122,0,0,0,0,0,0,0,0,17,0,0,0,0
PT030_OpenNeuro/ds000133,0,0,0,0,0,0,26,0,0,0,0,0,25
PT030_OpenNeuro/ds000140,0,0,0,0,0,0,33,0,0,0,0,0,0
PT030_OpenNeuro/ds000144,0,0,0,0,0,0,45,0,0,0,0,0,0
PT030_OpenNeuro/ds000148,0,0,0,0,0,0,98,0,49,0,0,0,0
PT030_OpenNeuro/ds000149,0,0,0,0,0,0,15,0,0,0,0,0,0
PT030_OpenNeuro/ds000157,0,0,0,0,0,0,30,0,0,0,0,0,0
PT030_OpenNeuro/ds000158,0,0,0,0,0,0,217,0,0,0,0,0,0
PT030_OpenNeuro/ds000164,0,0,0,0,0,0,28,0,0,0,0,0,0
PT030_OpenNeuro/ds000168,0,0,0,0,0,0,35,0,0,0,0,0,0
PT030_OpenNeuro/ds000170,0,0,0,0,0,0,15,0,0,0,0,0,0
PT030_OpenNeuro/ds000171,0,0,0,0,0,0,39,0,0,0,0,0,0
PT030_OpenNeuro/ds000172,0,0,0,0,0,0,25,0,0,0,0,0,0
PT030_OpenNeuro/ds000174,0,0,0,0,0,0,84,0,0,0,0,0,0
PT030_OpenNeuro/ds000200,0,0,0,0,0,0,13,0,0,0,0,0,0
PT030_OpenNeuro/ds000201,0,0,0,0,0,0,167,0,86,0,0,0,131
PT030_OpenNeuro/ds000202,0,0,0,0,0,0,95,0,0,0,0,0,0
PT030_OpenNeuro/ds000203,0,0,0,0,0,0,26,0,0,0,0,0,0
PT030_OpenNeuro/ds000204,0,0,0,0,0,0,2,0,0,0,0,0,0
PT030_OpenNeuro/ds000205,0,0,0,0,0,0,11,0,0,0,0,0,0
PT030_OpenNeuro/ds000206,0,0,0,0,0,0,67,0,51,0,0,0,636
PT030_OpenNeuro/ds000208,0,0,0,0,0,0,76,0,0,0,0,0,0
PT030_OpenNeuro/ds000210,0,0,0,0,0,0,31,0,0,0,0,0,0
PT030_OpenNeuro/ds000212,0,0,0,0,0,0,39,0,0,0,0,0,0
PT030_OpenNeuro/ds000213,0,0,0,0,0,0,26,0,0,0,0,0,0
PT030_OpenNeuro/ds000214,0,0,0,0,0,0,36,0,0,0,0,0,0
PT030_OpenNeuro/ds000216,0,0,0,0,0,0,7,0,0,0,0,0,0
PT030_OpenNeuro/ds000217,0,0,0,0,0,0,82,0,41,0,0,0,0
PT030_OpenNeuro/ds000218,0,0,0,0,0,0,19,0,0,0,0,0,0
PT030_OpenNeuro/ds000219,0,0,0,0,0,0,21,0,0,0,0,0,0
PT030_OpenNeuro/ds000220,0,0,0,0,0,0,66,0,0,0,0,0,0
PT030_OpenNeuro/ds000221,0,0,306,0,0,0,1,0,226,0,0,0,1840
PT030_OpenNeuro/ds000222,0,0,0,0,0,0,79,0,0,0,0,0,0
PT030_OpenNeuro/ds000223,0,0,0,0,0,0,19,0,0,0,0,0,0
PT030_OpenNeuro/ds000224,0,0,0,0,0,0,42,0,42,119,0,0,0
PT030_OpenNeuro/ds000228,0,0,0,0,0,0,155,0,0,0,0,0,0
PT030_OpenNeuro/ds000229,0,0,0,0,0,0,15,0,0,0,0,0,0
PT030_OpenNeuro/ds000231,0,0,0,0,0,0,9,0,0,0,0,0,0
PT030_OpenNeuro/ds000232,0,0,0,0,0,0,40,0,0,0,0,0,0
PT030_OpenNeuro/ds000233,0,0,0,0,0,0,24,0,0,0,0,0,0
PT030_OpenNeuro/ds000234,0,0,0,0,0,0,5,0,0,0,0,0,0
PT030_OpenNeuro/ds000235,0,0,0,0,0,0,4,0,0,0,0,0,0
PT030_OpenNeuro/ds000236,0,0,0,0,0,0,18,0,0,0,0,0,0
PT030_OpenNeuro/ds000237,0,0,0,0,0,0,13,0,0,0,0,0,0
PT030_OpenNeuro/ds000238,0,0,0,0,0,0,35,0,35,0,0,0,0
PT030_OpenNeuro/ds000239,0,0,0,0,0,0,120,0,0,0,0,0,0
PT030_OpenNeuro/ds000240,0,0,0,0,0,0,63,0,0,0,0,63,0
PT030_OpenNeuro/ds000241,0,0,0,0,0,0,12,0,0,0,0,0,0
PT030_OpenNeuro/ds000243,0,0,0,0,0,0,120,0,0,0,0,0,0
PT030_OpenNeuro/ds000244,0,0,12,0,0,0,12,0,14,0,0,0,24
PT030_OpenNeuro/ds000245,0,0,0,0,0,0,45,0,0,0,0,0,0
PT030_OpenNeuro/ds000246,0,0,0,0,0,0,1,0,0,0,0,0,0
PT030_OpenNeuro/ds000247,0,0,0,0,0,0,5,0,0,0,0,0,0
PT030_OpenNeuro/ds000248,0,0,0,0,0,0,1,0,0,0,0,0,1
PT030_OpenNeuro/ds000249,0,0,0,0,0,0,26,0,0,0,0,0,0
PT030_OpenNeuro/ds000253,0,0,0,0,0,0,20,0,0,0,0,0,0
PT030_OpenNeuro/ds000254,0,0,0,0,0,0,13,0,0,0,0,0,0
PT030_OpenNeuro/ds000255,0,0,0,0,0,0,2,0,4,0,0,0,0
PT030_OpenNeuro/ds000256,0,0,0,0,0,0,24,0,16,0,0,0,0
PT030_OpenNeuro/ds000258,0,0,0,0,0,0,89,0,0,0,0,0,0
PT030_OpenNeuro/ds001021,0,0,0,0,0,0,1,0,0,0,0,0,2
PT030_OpenNeuro/ds001037,0,0,0,0,0,0,1,0,0,0,0,0,0
PT030_OpenNeuro/ds001110,0,0,0,0,0,0,38,0,0,0,0,0,0
PT030_OpenNeuro/ds001131,0,0,0,0,0,0,54,0,0,0,0,0,0
PT030_OpenNeuro/ds001132,0,0,0,0,0,0,16,0,0,0,0,0,0
PT030_OpenNeuro/ds001145,0,0,0,0,0,0,24,0,0,0,0,0,0
PT030_OpenNeuro/ds001168,0,0,0,0,0,0,22,0,0,0,0,0,24
PT030_OpenNeuro/ds001178,0,0,0,0,0,0,8,0,0,0,0,0,0
PT030_OpenNeuro/ds001226,0,0,0,0,0,0,27,0,9,0,0,0,180
PT030_OpenNeuro/ds001228,0,0,0,0,0,0,23,0,0,0,0,0,0
PT030_OpenNeuro/ds001229,0,0,0,0,0,0,27,0,0,0,0,0,0
PT030_OpenNeuro/ds001232,0,0,0,0,0,0,21,0,0,0,0,0,0
PT030_OpenNeuro/ds001233,0,0,0,0,0,0,18,0,18,0,0,0,0
PT030_OpenNeuro/ds001235,0,0,0,0,0,0,12,0,0,0,0,0,0
PT030_OpenNeuro/ds001241,0,0,0,0,0,0,24,0,0,0,0,0,0
PT030_OpenNeuro/ds001242,0,0,0,0,0,0,54,0,0,0,0,0,104
PT030_OpenNeuro/ds001246,0,0,0,0,0,0,5,0,57,0,0,0,0
PT030_OpenNeuro/ds001247,0,0,0,0,0,0,43,0,0,0,0,0,0
PT030_OpenNeuro/ds001297,0,0,0,0,0,0,61,0,0,0,0,0,0
PT030_OpenNeuro/ds001299,0,0,0,0,0,0,19,0,0,0,0,0,0
PT030_OpenNeuro/ds001302,0,0,0,0,0,0,23,0,0,0,0,0,0
PT030_OpenNeuro/ds001306,0,0,0,0,0,0,17,0,0,0,0,0,0
PT030_OpenNeuro/ds001338,0,0,0,0,0,0,22,0,0,0,0,0,0
PT030_OpenNeuro/ds001339,0,0,0,0,0,0,28,0,0,0,0,0,0
PT030_OpenNeuro/ds001344,0,0,0,0,0,0,30,0,0,0,0,0,0
PT030_OpenNeuro/ds001345,0,0,0,0,0,0,12,0,0,0,0,0,0
PT030_OpenNeuro/ds001353,0,0,0,0,0,0,29,0,0,0,0,0,0
PT030_OpenNeuro/ds001357,0,0,0,0,0,0,18,0,0,0,0,0,0
PT030_OpenNeuro/ds001365,0,0,0,0,0,0,35,0,0,0,0,0,0
PT030_OpenNeuro/ds001371,0,0,0,0,0,0,47,0,0,0,0,0,0
PT030_OpenNeuro/ds001378,0,0,0,0,0,0,50,0,0,0,0,0,100
PT030_OpenNeuro/ds001379,0,0,0,0,0,0,1,0,0,0,0,0,0
PT030_OpenNeuro/ds001386,0,0,0,0,0,0,42,0,0,0,0,0,0
PT030_OpenNeuro/ds001399,0,0,0,0,0,0,4,0,4,0,0,0,0
PT030_OpenNeuro/ds001408,0,0,0,0,0,0,52,0,0,0,0,0,52
PT030_OpenNeuro/ds001415,0,0,0,0,0,0,21,0,0,0,0,0,0
PT030_OpenNeuro/ds001417,0,0,0,0,0,0,99,0,0,0,0,0,0
PT030_OpenNeuro/ds001419,0,0,0,0,0,0,1,0,0,0,0,0,2
PT030_OpenNeuro/ds001420,0,0,0,0,0,0,4,0,0,0,0,0,0
PT030_OpenNeuro/ds001421,0,0,0,0,0,0,2,0,0,0,0,0,0
PT030_OpenNeuro/ds001430,0,0,0,0,0,0,31,0,0,0,0,0,30
PT030_OpenNeuro/ds001439,0,0,0,0,0,0,18,0,0,0,0,0,0
PT030_OpenNeuro/ds001454,0,0,0,0,0,0,48,0,0,0,0,0,49
PT030_OpenNeuro/ds001486,0,0,0,0,0,0,132,0,63,0,0,0,0
PT030_OpenNeuro/ds001491,0,0,0,0,0,0,20,0,0,0,0,0,0
PT030_OpenNeuro/ds001497,0,0,0,0,0,0,10,0,0,0,0,0,0
PT030_OpenNeuro/ds001499,0,0,0,0,0,0,5,0,2,0,0,0,84
PT030_OpenNeuro/ds001506,0,0,0,0,0,0,3,0,74,0,0,0,0
PT030_OpenNeuro/ds001510,0,0,0,0,0,0,31,0,0,0,0,0,0
PT030_OpenNeuro/ds001511,0,0,0,0,0,0,13,0,0,0,0,0,0
PT030_OpenNeuro/ds001517,0,0,0,0,0,0,24,0,48,0,0,0,0
PT030_OpenNeuro/ds001521,0,0,0,0,0,0,41,0,0,0,0,0,0
PT030_OpenNeuro/ds001525,0,0,0,0,0,0,17,0,0,0,0,0,0
PT030_OpenNeuro/ds001534,0,0,0,0,0,0,42,0,0,0,0,0,0
PT030_OpenNeuro/ds001545,0,0,0,0,0,0,30,0,0,0,0,0,0
PT030_OpenNeuro/ds001547,0,0,0,0,0,0,10,0,1,4,0,0,0
PT030_OpenNeuro/ds001551,0,0,0,0,0,0,34,0,0,0,0,0,0
PT030_OpenNeuro/ds001553,0,0,0,0,0,0,31,0,0,0,0,0,0
PT030_OpenNeuro/ds001554,0,0,0,0,0,0,23,0,0,0,0,0,0
PT030_OpenNeuro/ds001555,0,0,0,26,0,0,29,0,0,0,0,0,0
PT030_OpenNeuro/ds001563,0,0,0,0,0,0,1,0,0,0,0,0,0
PT030_OpenNeuro/ds001566,0,0,0,0,0,0,1,0,0,0,0,0,0
PT030_OpenNeuro/ds001576,0,0,0,0,0,0,36,0,0,0,0,0,0
PT030_OpenNeuro/ds001590,0,0,0,0,0,0,32,0,0,0,0,0,90
PT030_OpenNeuro/ds001595,0,0,0,0,0,0,1,0,1,0,0,0,2
PT030_OpenNeuro/ds001597,0,0,0,0,0,0,20,0,16,0,0,0,0
PT030_OpenNeuro/ds001600,0,0,0,0,0,0,1,0,0,0,0,0,0
PT030_OpenNeuro/ds001607,0,0,0,0,0,0,32,0,0,0,0,0,0
PT030_OpenNeuro/ds001608,0,0,0,0,0,0,21,0,0,0,0,0,0
PT030_OpenNeuro/ds001612,0,0,0,0,0,0,24,0,0,0,0,0,0
PT030_OpenNeuro/ds001614,0,0,0,0,0,0,31,0,0,0,0,0,0
PT030_OpenNeuro/ds001621,0,0,0,0,0,0,20,0,0,0,0,0,0
PT030_OpenNeuro/ds001634,0,0,0,0,0,0,19,0,0,0,0,0,0
PT030_OpenNeuro/ds001635,0,0,0,0,0,0,16,0,0,0,0,0,0
PT030_OpenNeuro/ds001652,0,0,0,0,0,0,0,0,7,0,0,0,0
PT030_OpenNeuro/ds001705,0,0,0,0,0,0,10,0,0,0,0,0,0
PT030_OpenNeuro/ds001715,0,0,0,0,0,0,34,0,0,0,0,0,0
PT030_OpenNeuro/ds001722,0,0,0,0,0,0,18,0,0,0,0,0,0
PT030_OpenNeuro/ds001728,0,0,0,0,0,0,1,0,0,0,0,0,0
PT030_OpenNeuro/ds001734,0,0,0,0,0,0,108,0,0,0,0,0,0
PT030_OpenNeuro/ds001740,0,0,0,0,0,0,25,0,25,0,0,0,0
PT030_OpenNeuro/ds001743,0,0,0,0,0,0,12,0,0,0,0,0,24
PT030_OpenNeuro/ds001745,0,0,0,0,0,0,24,0,0,0,0,0,0
PT030_OpenNeuro/ds001747,0,0,0,0,0,0,92,0,0,0,0,0,0
PT030_OpenNeuro/ds001748,0,0,0,0,0,0,60,0,2,0,0,0,0
PT030_OpenNeuro/ds001751,0,0,0,0,0,0,20,0,0,0,0,0,0
PT030_OpenNeuro/ds001761,0,0,0,0,0,0,37,0,0,0,0,0,0
PT030_OpenNeuro/ds001762,0,0,0,0,0,0,31,0,0,0,0,0,0
PT030_OpenNeuro/ds001771,0,0,0,0,0,0,40,0,40,0,0,0,320
PT030_OpenNeuro/ds001775,0,0,0,0,0,0,24,0,0,0,0,0,0
PT030_OpenNeuro/ds001780,0,0,0,0,0,0,1,0,0,0,0,0,0
PT030_OpenNeuro/ds001784,0,0,0,0,0,0,10,0,0,0,0,0,0
PT030_OpenNeuro/ds001796,0,0,0,0,0,0,130,0,0,0,0,0,128
PT030_OpenNeuro/ds001814,0,0,0,0,0,0,35,0,0,0,0,0,0
PT030_OpenNeuro/ds001818,0,0,0,0,0,0,76,0,0,0,0,0,0
PT030_OpenNeuro/ds001832,0,0,0,0,0,0,16,0,0,0,0,0,0
PT030_OpenNeuro/ds001838,0,0,0,0,0,0,53,0,0,0,0,0,0
PT030_OpenNeuro/ds001839,0,0,0,0,0,0,6,0,0,0,0,0,0
PT030_OpenNeuro/ds001840,0,0,0,0,0,0,24,0,0,0,0,0,0
PT030_OpenNeuro/ds001847,0,0,0,0,0,0,32,0,0,0,0,0,0
PT030_OpenNeuro/ds001848,0,0,0,0,0,0,52,0,0,0,0,0,0
PT030_OpenNeuro/ds001882,0,0,0,0,0,0,20,0,0,0,0,0,0
PT030_OpenNeuro/ds001883,0,0,0,0,0,0,21,0,0,0,0,0,0
PT030_OpenNeuro/ds001894,0,0,0,0,0,0,188,0,49,0,0,0,226
PT030_OpenNeuro/ds001907,0,0,0,0,0,0,18,0,0,0,0,0,32
PT030_OpenNeuro/ds001912,0,0,0,0,0,0,16,0,0,0,0,0,0
PT030_OpenNeuro/ds001921,0,0,0,0,0,0,15,0,0,0,0,0,0
PT030_OpenNeuro/ds001923,0,0,0,0,0,0,14,0,0,0,0,0,0
PT030_OpenNeuro/ds001926,0,0,0,0,0,0,64,0,64,0,0,0,0
PT030_OpenNeuro/ds001927,0,0,0,0,0,0,69,0,0,0,0,0,0
PT030_OpenNeuro/ds001928,0,0,0,0,0,0,40,0,0,0,0,0,80
PT030_OpenNeuro/ds001942,0,0,0,52,0,0,72,0,19,0,0,0,308
PT030_OpenNeuro/ds001946,0,0,0,0,0,0,24,0,48,0,0,0,0
PT030_OpenNeuro/ds001972,0,0,0,0,0,0,86,0,33,0,0,0,0
PT030_OpenNeuro/ds001978,0,0,0,0,0,0,8,0,0,0,0,0,0
PT030_OpenNeuro/ds001984,0,0,0,0,0,0,14,0,0,0,0,0,0
PT030_OpenNeuro/ds002000,0,0,0,0,0,0,21,0,0,0,0,0,0
PT030_OpenNeuro/ds002001,0,0,0,0,0,0,10,0,0,0,0,0,0
PT030_OpenNeuro/ds002006,0,0,0,0,0,0,30,0,0,0,0,0,0
PT030_OpenNeuro/ds002011,0,0,0,0,0,0,22,0,0,0,0,0,0
PT030_OpenNeuro/ds002013,0,0,0,0,0,0,4,0,0,0,0,0,0
PT030_OpenNeuro/ds002014,0,0,0,0,0,0,1,0,0,0,0,0,0
PT030_OpenNeuro/ds002033,0,0,0,0,0,0,43,0,0,0,0,0,0
PT030_OpenNeuro/ds002040,0,0,0,0,0,0,0,0,1,0,0,0,0
PT030_OpenNeuro/ds002041,0,0,0,0,0,0,25,0,0,0,0,0,0
PT030_OpenNeuro/ds002076,0,0,0,0,0,0,13,0,0,0,0,0,0
PT030_OpenNeuro/ds002080,0,0,0,0,0,0,29,0,0,0,0,0,145
PT030_OpenNeuro/ds002105,0,0,0,0,0,0,96,0,78,0,0,0,0
PT030_OpenNeuro/ds002116,0,0,0,0,0,0,57,0,0,0,0,0,0
PT030_OpenNeuro/ds002149,0,0,0,0,0,0,20,0,0,0,0,0,0
PT030_OpenNeuro/ds002153,0,0,0,0,0,0,1,0,0,0,0,0,0
PT030_OpenNeuro/ds002155,0,0,0,0,0,0,20,0,0,0,0,0,0
PT030_OpenNeuro/ds002156,0,0,0,0,0,0,4,0,4,0,0,0,0
PT030_OpenNeuro/ds002158,0,0,0,0,0,0,19,0,0,0,0,0,0
PT030_OpenNeuro/ds002168,0,0,0,0,0,0,48,0,48,0,0,0,0
PT030_OpenNeuro/ds002169,0,0,0,0,0,0,33,0,0,0,0,0,0
PT030_OpenNeuro/ds002185,0,0,0,0,0,0,22,0,25,0,0,0,44
PT030_OpenNeuro/ds002207,0,0,0,0,0,0,7,0,0,0,0,0,0
PT030_OpenNeuro/ds002232,0,0,0,0,0,0,6,0,0,0,0,0,0
PT030_OpenNeuro/ds002236,0,0,0,0,0,0,91,0,0,0,0,0,0
PT030_OpenNeuro/ds002237,0,0,0,0,0,0,10,0,0,0,0,0,0
PT030_OpenNeuro/ds002241,0,0,0,0,0,0,31,0,0,0,0,0,0
PT030_OpenNeuro/ds002242,0,0,0,0,0,0,35,0,35,0,0,0,0
PT030_OpenNeuro/ds002250,0,0,0,0,0,0,20,0,0,0,0,0,0
PT030_OpenNeuro/ds002270,0,0,0,0,0,0,19,0,0,0,0,0,0
PT030_OpenNeuro/ds002278,0,5,0,0,2,0,5,0,4,3,0,0,6
PT030_OpenNeuro/ds002293,0,0,0,0,0,0,1,0,0,0,0,0,0
PT030_OpenNeuro/ds002294,0,0,0,0,0,0,40,0,0,0,0,0,0
PT030_OpenNeuro/ds002295,0,0,0,0,0,0,0,0,5,0,0,0,54
PT030_OpenNeuro/ds002306,0,0,0,0,0,0,6,0,0,0,0,0,0
PT030_OpenNeuro/ds002311,0,0,0,0,0,0,21,0,0,0,0,0,0
PT030_OpenNeuro/ds002316,0,0,0,0,0,0,36,0,0,0,0,0,0
PT030_OpenNeuro/ds002320,0,0,0,0,0,0,79,0,82,0,0,0,0
PT030_OpenNeuro/ds002322,0,0,0,0,0,0,26,0,0,0,0,0,0
PT030_OpenNeuro/ds002328,0,0,0,0,0,0,1,0,0,0,0,0,0
PT030_OpenNeuro/ds002330,0,0,0,0,0,0,66,0,66,0,0,0,264
PT030_OpenNeuro/ds002336,0,0,0,0,0,0,10,0,0,0,0,0,0
PT030_OpenNeuro/ds002338,0,0,0,0,0,0,17,0,0,0,0,0,0
PT030_OpenNeuro/ds002345,0,0,0,0,0,0,378,0,47,0,0,0,0
PT030_OpenNeuro/ds002363,0,0,0,0,0,0,22,0,0,0,0,0,0
PT030_OpenNeuro/ds002366,0,0,0,0,0,0,34,0,0,0,0,0,66
PT030_OpenNeuro/ds002367,0,0,0,0,0,0,9,0,0,12,0,0,3
PT030_OpenNeuro/ds002380,0,0,0,0,0,0,143,0,0,0,0,0,0
PT030_OpenNeuro/ds002382,0,0,0,0,0,0,61,0,61,0,0,0,0
PT030_OpenNeuro/ds002411,0,0,0,0,0,0,29,0,0,0,0,0,0
PT030_OpenNeuro/ds002419,0,0,0,0,0,0,48,0,0,0,0,0,0
PT030_OpenNeuro/ds002422,0,0,0,0,0,0,46,0,0,0,0,0,0
PT030_OpenNeuro/ds002424,0,0,0,0,0,0,79,0,0,0,0,0,0
PT030_OpenNeuro/ds002425,0,0,0,0,0,0,5,0,40,0,0,0,0
PT030_OpenNeuro/ds002513,0,0,0,0,0,0,65,0,0,0,0,0,0
PT030_OpenNeuro/ds002522,0,0,0,0,0,0,95,0,0,0,0,0,0
PT030_OpenNeuro/ds002543,0,0,0,0,0,0,49,0,0,0,0,0,192
PT030_OpenNeuro/ds002547,0,0,0,0,0,0,29,0,0,0,0,0,0
PT030_OpenNeuro/ds002549,0,0,0,0,0,0,4,0,0,0,0,0,0
PT030_OpenNeuro/ds002550,0,0,0,0,0,0,22,0,0,0,0,0,0
PT030_OpenNeuro/ds002574,0,0,0,0,0,0,4,0,0,0,0,0,0
PT030_OpenNeuro/ds002578,0,0,0,0,0,0,2,0,0,0,0,0,0
PT030_OpenNeuro/ds002596,0,0,0,0,0,0,19,0,0,0,0,0,0
PT030_OpenNeuro/ds002603,0,0,0,0,0,0,45,0,23,0,0,0,0
PT030_OpenNeuro/ds002606,0,0,0,0,0,0,20,0,0,0,0,0,0
PT030_OpenNeuro/ds002608,0,0,0,0,0,0,41,0,0,0,0,0,0
PT030_OpenNeuro/ds002609,0,0,0,0,0,0,49,0,0,0,0,0,0
PT030_OpenNeuro/ds002614,0,0,0,0,0,0,1,0,0,0,0,0,0
PT030_OpenNeuro/ds002620,0,0,0,0,0,0,81,0,0,0,0,0,154
PT030_OpenNeuro/ds002634,0,0,0,0,0,0,20,0,20,0,0,0,100
PT030_OpenNeuro/ds002643,0,0,0,0,0,0,80,0,0,0,0,0,0
PT030_OpenNeuro/ds002647,0,0,0,0,0,0,91,0,0,0,0,0,0
PT030_OpenNeuro/ds002655,0,0,0,0,0,0,35,0,35,0,0,0,0
PT030_OpenNeuro/ds002672,0,0,0,3,0,0,10,0,0,0,0,0,0
PT030_OpenNeuro/ds002674,0,0,0,0,0,0,60,0,59,0,0,0,0
PT030_OpenNeuro/ds002675,0,0,0,0,0,0,24,0,0,0,0,0,8
PT030_OpenNeuro/ds002684,0,0,0,0,0,0,14,0,0,0,0,0,0
PT030_OpenNeuro/ds002685,0,0,13,0,0,0,46,0,15,0,0,0,46
PT030_OpenNeuro/ds002687,0,0,0,0,0,0,24,0,0,0,0,0,0
PT030_OpenNeuro/ds002702,0,0,0,0,0,0,90,0,22,0,0,0,0
PT030_OpenNeuro/ds002711,0,0,0,0,0,0,15,0,15,0,0,0,0
PT030_OpenNeuro/ds002715,0,0,0,0,0,0,8,0,0,0,0,0,0
PT030_OpenNeuro/ds002717,0,0,0,0,0,0,55,0,51,0,0,0,0
PT030_OpenNeuro/ds002725,0,0,0,0,0,0,21,0,0,0,0,0,0
PT030_OpenNeuro/ds002726,0,0,0,0,0,0,29,0,0,0,0,0,0
PT030_OpenNeuro/ds002727,0,0,0,0,0,0,23,0,0,0,0,0,0
PT030_OpenNeuro/ds002731,0,0,0,0,0,0,59,0,0,0,0,0,0
PT030_OpenNeuro/ds002732,0,0,0,0,0,0,30,0,0,0,0,0,0
PT030_OpenNeuro/ds002733,0,0,0,0,0,0,1,0,0,0,0,0,0
PT030_OpenNeuro/ds002734,0,0,0,0,0,0,22,0,0,0,0,0,0
PT030_OpenNeuro/ds002735,0,0,0,0,0,0,20,0,0,0,0,0,0
PT030_OpenNeuro/ds002737,0,0,0,0,0,0,1,0,1,0,0,0,0
PT030_OpenNeuro/ds002738,0,0,0,0,0,0,36,0,0,0,0,0,0
PT030_OpenNeuro/ds002739,0,0,0,0,0,0,0,0,0,0,0,0,25
PT030_OpenNeuro/ds002741,0,0,0,0,0,0,30,0,0,0,0,0,0
PT030_OpenNeuro/ds002743,0,0,0,0,0,0,3,0,0,0,0,0,0
PT030_OpenNeuro/ds002748,0,0,0,0,0,0,72,0,0,0,0,0,0
PT030_OpenNeuro/ds002750,0,0,0,0,0,0,3,0,0,0,0,0,0
PT030_OpenNeuro/ds002766,0,0,0,0,0,0,20,0,46,0,0,0,0
PT030_OpenNeuro/ds002770,0,0,0,0,0,0,86,0,0,0,0,0,0
PT030_OpenNeuro/ds002773,0,0,0,0,0,0,19,0,0,0,0,0,0
PT030_OpenNeuro/ds002776,0,0,0,0,0,0,26,0,0,0,0,0,0
PT030_OpenNeuro/ds002785,0,0,0,0,0,0,216,0,0,0,0,0,422
PT030_OpenNeuro/ds002790,0,0,0,0,0,0,226,0,0,0,0,0,452
PT030_OpenNeuro/ds002793,0,0,0,0,0,0,28,0,0,0,0,0,0
PT030_OpenNeuro/ds002797,0,0,0,0,0,0,22,0,0,0,0,0,0
PT030_OpenNeuro/ds002799,0,0,1,0,0,0,53,0,15,0,0,0,0
PT030_OpenNeuro/ds002813,0,0,0,0,0,0,38,0,37,0,0,0,0
PT030_OpenNeuro/ds002814,0,0,0,0,0,0,21,0,0,0,0,0,0
PT030_OpenNeuro/ds002835,0,0,0,0,0,0,26,0,0,0,0,0,0
PT030_OpenNeuro/ds002837,0,0,0,0,0,0,86,0,0,0,0,0,0
PT030_OpenNeuro/ds002841,0,0,0,0,0,0,29,0,0,0,0,0,0
PT030_OpenNeuro/ds002842,0,0,0,0,0,0,22,0,0,0,0,0,0
PT030_OpenNeuro/ds002843,0,0,0,0,0,0,293,0,290,0,0,0,524
PT030_OpenNeuro/ds002848,0,0,0,0,0,0,5,0,0,0,0,0,0
PT030_OpenNeuro/ds002872,0,0,0,0,0,0,39,0,0,0,0,0,0
PT030_OpenNeuro/ds002878,0,0,0,0,0,0,35,0,0,0,0,0,0
PT030_OpenNeuro/ds002879,0,0,0,0,0,0,32,0,0,0,0,0,0
PT030_OpenNeuro/ds002886,0,0,0,0,0,0,56,0,0,0,0,0,0
PT030_OpenNeuro/ds002896,0,0,0,0,0,0,37,0,0,0,0,0,0
PT030_OpenNeuro/ds002898,0,0,0,0,0,0,27,0,0,0,0,0,0
PT030_OpenNeuro/ds002905,0,0,0,0,0,0,18,0,0,0,0,0,0
PT030_OpenNeuro/ds002936,0,0,0,0,0,0,3,0,0,0,0,0,0
PT030_OpenNeuro/ds002938,0,0,0,0,0,0,30,0,0,0,0,0,0
PT030_OpenNeuro/ds002940,0,0,0,0,0,0,48,0,0,0,0,0,0
PT030_OpenNeuro/ds002979,0,0,0,0,0,0,1,0,0,0,0,0,0
PT030_OpenNeuro/ds002989,0,0,0,0,0,0,40,0,0,0,0,0,0
PT030_OpenNeuro/ds002994,0,0,0,0,0,0,56,0,0,0,0,0,0
PT030_OpenNeuro/ds002995,0,0,0,0,0,0,24,0,0,0,0,0,0
PT030_OpenNeuro/ds003007,0,0,0,0,0,0,29,0,0,0,0,0,14
PT030_OpenNeuro/ds003011,0,6,0,0,0,0,48,0,0,0,0,0,54
PT030_OpenNeuro/ds003012,0,0,0,0,0,0,29,0,0,0,0,0,0
PT030_OpenNeuro/ds003017,0,0,0,0,0,0,25,0,0,0,0,0,0
PT030_OpenNeuro/ds003020,0,0,0,0,0,0,9,0,0,0,0,0,0
PT030_OpenNeuro/ds003037,0,0,0,0,0,0,135,0,20,0,0,0,447
PT030_OpenNeuro/ds003043,0,0,0,0,0,0,3,0,0,0,0,0,0
PT030_OpenNeuro/ds003047,0,0,0,0,0,0,11,0,0,0,0,0,36
PT030_OpenNeuro/ds003059,0,0,0,0,0,0,15,0,0,0,0,0,0
PT030_OpenNeuro/ds003076,0,0,0,0,0,0,17,0,0,0,0,0,0
PT030_OpenNeuro/ds003078,0,0,0,0,0,0,6,0,0,0,0,0,6
PT030_OpenNeuro/ds003082,0,0,0,0,0,0,1,0,0,0,0,0,0
PT030_OpenNeuro/ds003083,0,0,0,0,0,0,26,0,0,0,0,0,0
PT030_OpenNeuro/ds003085,0,0,0,0,0,0,39,0,0,0,0,0,0
PT030_OpenNeuro/ds003089,0,0,0,0,0,0,20,0,0,0,0,0,0
PT030_OpenNeuro/ds003094,0,0,0,0,0,0,16,0,0,0,0,0,0
PT030_OpenNeuro/ds003095,0,0,0,0,0,0,38,0,0,0,0,0,0
PT030_OpenNeuro/ds003096,0,0,0,0,0,0,31,0,0,0,0,0,0
PT030_OpenNeuro/ds003097,0,0,0,0,0,0,2768,0,0,0,0,0,5490
PT030_OpenNeuro/ds003098,0,0,0,0,0,0,1,0,0,0,0,0,0
PT030_OpenNeuro/ds003103,0,0,0,0,0,0,30,0,0,0,0,0,0
PT030_OpenNeuro/ds003104,0,0,0,0,0,0,1,0,0,0,0,0,0
PT030_OpenNeuro/ds003114,0,0,0,0,0,0,49,0,0,0,0,0,0
PT030_OpenNeuro/ds003126,0,0,0,0,0,0,59,0,0,0,0,0,0
PT030_OpenNeuro/ds003136,0,0,0,0,0,0,25,0,0,0,0,0,0
PT030_OpenNeuro/ds003138,0,0,0,0,0,0,159,0,0,0,0,0,954
PT030_OpenNeuro/ds003145,0,0,0,0,0,0,147,0,0,0,0,0,0
PT030_OpenNeuro/ds003146,0,0,0,0,0,0,33,0,0,0,0,0,0
PT030_OpenNeuro/ds003148,0,0,0,0,0,0,60,0,0,0,0,0,0
PT030_OpenNeuro/ds003151,0,0,0,0,0,0,40,0,0,0,40,0,0
PT030_OpenNeuro/ds003170,0,0,0,0,0,0,16,0,0,0,0,0,0
PT030_OpenNeuro/ds003171,0,0,0,0,0,0,17,0,0,0,0,0,34
PT030_OpenNeuro/ds003176,0,0,0,0,0,0,34,0,0,0,0,0,0
PT030_OpenNeuro/ds003192,0,0,0,0,0,0,21,0,7,0,0,0,0
PT030_OpenNeuro/ds003216,0,0,0,0,0,0,22,0,0,0,0,0,0
PT030_OpenNeuro/ds003233,0,0,0,0,0,0,123,0,0,0,0,0,0
PT030_OpenNeuro/ds003242,0,0,0,0,0,0,96,0,96,0,0,0,0
PT030_OpenNeuro/ds003338,0,0,0,0,0,0,20,0,0,0,0,0,0
PT030_OpenNeuro/ds003340,0,0,0,0,0,0,20,0,0,0,0,0,0
PT030_OpenNeuro/ds003342,0,0,0,0,0,0,36,0,2,0,0,0,0
PT030_OpenNeuro/ds003345,0,0,0,0,0,0,75,0,0,0,0,0,0
PT030_OpenNeuro/ds003346,0,0,0,0,0,0,145,0,0,0,0,0,403
PT030_OpenNeuro/ds003354,0,0,0,0,0,0,10,0,0,0,0,0,0
PT030_OpenNeuro/ds003357,0,0,0,0,0,0,64,0,0,0,0,0,0
PT030_OpenNeuro/ds003358,0,0,0,0,0,0,35,0,0,0,0,0,0
PT030_OpenNeuro/ds003367,0,36,0,0,0,0,0,0,0,0,0,0,64
PT030_OpenNeuro/ds003381,0,0,0,0,0,0,81,0,0,0,0,0,0
PT030_OpenNeuro/ds003382,0,0,0,0,0,0,10,0,0,0,0,0,80
PT030_OpenNeuro/ds003392,0,0,0,0,0,0,11,0,0,0,0,0,0
PT030_OpenNeuro/ds003397,0,0,0,0,0,0,15,0,0,0,0,0,29
PT030_OpenNeuro/ds003401,0,0,0,0,0,0,35,0,0,0,0,0,0
PT030_OpenNeuro/ds003404,0,0,0,0,0,0,40,0,40,0,0,0,0
PT030_OpenNeuro/ds003416,0,0,0,0,0,0,166,0,0,0,0,0,2233
PT030_OpenNeuro/ds003424,0,0,0,0,0,0,28,0,0,0,0,0,112
PT030_OpenNeuro/ds003425,0,0,0,0,0,0,25,0,0,0,0,0,0
PT030_OpenNeuro/ds003430,0,0,0,0,0,0,5,0,41,0,0,0,0
PT030_OpenNeuro/ds003433,0,0,0,0,0,0,18,0,0,0,0,0,0
PT030_OpenNeuro/ds003434,0,0,0,0,0,0,18,0,0,0,0,0,0
PT030_OpenNeuro/ds003436,0,0,0,0,0,0,55,0,0,0,0,0,0
PT030_OpenNeuro/ds003437,0,0,0,0,0,0,36,0,0,0,0,0,0
PT030_OpenNeuro/ds003438,0,0,0,0,0,0,1,0,0,0,0,0,0
PT030_OpenNeuro/ds003439,0,0,0,0,0,0,1,0,0,0,0,0,0
PT030_OpenNeuro/ds003440,0,0,0,0,0,0,1,0,0,0,0,0,0
PT030_OpenNeuro/ds003441,0,0,0,0,0,0,2,0,0,0,0,0,0
PT030_OpenNeuro/ds003442,0,0,0,0,0,0,1,0,0,0,0,0,0
PT030_OpenNeuro/ds003443,0,0,0,0,0,0,1,0,0,0,0,0,0
PT030_OpenNeuro/ds003444,0,0,0,0,0,0,1,0,0,0,0,0,0
PT030_OpenNeuro/ds003445,0,0,0,0,0,0,1,0,0,0,0,0,0
PT030_OpenNeuro/ds003446,0,0,0,0,0,0,1,0,0,0,0,0,0
PT030_OpenNeuro/ds003452,0,0,0,0,0,0,13,0,13,0,0,0,0
PT030_OpenNeuro/ds003453,0,0,0,0,0,0,156,0,0,0,0,0,0
PT030_OpenNeuro/ds003454,0,0,0,0,0,0,23,0,0,0,0,0,0
PT030_OpenNeuro/ds003455,0,0,0,0,0,0,1,0,0,0,0,0,0
PT030_OpenNeuro/ds003459,0,0,0,0,0,0,63,0,0,0,0,0,0
PT030_OpenNeuro/ds003465,0,0,0,0,0,0,55,0,55,0,0,0,0
PT030_OpenNeuro/ds003466,0,0,6,0,0,0,27,0,27,0,0,0,0
PT030_OpenNeuro/ds003469,0,0,0,0,0,0,81,0,0,0,0,0,0
PT030_OpenNeuro/ds003470,0,0,0,0,0,0,20,0,0,0,0,0,0
PT030_OpenNeuro/ds003481,0,0,0,0,0,0,145,0,0,0,0,0,0
PT030_OpenNeuro/ds003484,0,0,0,0,0,0,10,0,0,0,0,0,0
PT030_OpenNeuro/ds003487,0,0,0,0,0,0,24,0,0,0,0,0,0
PT030_OpenNeuro/ds003495,0,0,0,0,0,0,24,0,0,0,0,0,120
PT030_OpenNeuro/ds003499,0,0,0,186,0,0,93,0,88,0,0,0,0
PT030_OpenNeuro/ds003500,0,0,0,0,0,0,65,0,0,0,0,0,0
PT030_OpenNeuro/ds003505,0,0,0,0,0,0,20,0,0,0,0,0,40
PT030_OpenNeuro/ds003507,0,0,0,0,0,0,21,0,0,0,0,0,0
PT030_OpenNeuro/ds003508,0,188,0,57,0,0,57,0,0,0,0,0,252
PT030_OpenNeuro/ds003511,0,0,0,0,0,0,40,0,0,0,0,0,0
PT030_OpenNeuro/ds003521,0,0,0,0,0,0,35,0,0,0,0,0,0
PT030_OpenNeuro/ds003524,0,0,0,0,0,0,13,0,0,0,0,0,0
PT030_OpenNeuro/ds003540,0,0,0,0,0,0,32,0,0,0,0,0,0
PT030_OpenNeuro/ds003542,0,0,0,0,0,0,34,0,0,0,0,0,0
PT030_OpenNeuro/ds003545,0,0,0,0,0,0,48,0,0,0,0,0,0
PT030_OpenNeuro/ds003548,0,0,0,0,0,0,16,0,16,0,0,0,0
PT030_OpenNeuro/ds003550,0,0,0,0,0,0,38,0,0,0,0,0,0
PT030_OpenNeuro/ds003553,0,0,0,0,0,0,17,0,0,0,0,0,0
PT030_OpenNeuro/ds003554,0,0,0,0,0,0,40,0,0,0,0,0,0
PT030_OpenNeuro/ds003563,0,0,0,34,0,0,131,0,2,2,0,0,35
PT030_OpenNeuro/ds003568,0,0,0,0,0,0,49,0,0,0,0,0,0
PT030_OpenNeuro/ds003569,0,0,0,0,0,0,25,0,0,0,0,0,0
PT030_OpenNeuro/ds003574,0,0,0,0,0,0,17,0,0,0,0,0,0
PT030_OpenNeuro/ds003592,0,0,251,0,0,0,301,0,0,0,0,0,0
PT030_OpenNeuro/ds003604,0,380,0,0,0,0,827,0,0,0,0,0,754
PT030_OpenNeuro/ds003606,0,0,0,0,0,0,29,0,0,0,0,0,0
PT030_OpenNeuro/ds003612,0,0,0,0,0,0,51,0,0,0,0,0,0
PT030_OpenNeuro/ds003633,0,0,0,0,0,0,11,0,0,0,0,0,0
PT030_OpenNeuro/ds003639,0,0,0,0,0,0,58,0,0,0,0,0,0
PT030_OpenNeuro/ds003643,0,0,0,0,0,0,112,0,0,0,0,0,0
PT030_OpenNeuro/ds003653,0,0,0,0,0,0,88,0,88,0,0,0,0
PT030_OpenNeuro/ds003659,0,0,0,0,0,0,3,0,0,0,0,0,0
PT030_OpenNeuro/ds003661,0,0,0,0,0,0,5,0,25,0,0,0,0
PT030_OpenNeuro/ds003669,0,0,0,0,0,0,46,0,0,0,0,0,0
PT030_OpenNeuro/ds003673,0,0,0,0,0,0,27,0,0,0,0,0,0
PT030_OpenNeuro/ds003684,0,0,0,0,0,0,0,0,0,0,0,0,115
PT030_OpenNeuro/ds003688,0,0,0,0,0,0,63,0,0,0,0,0,0
PT030_OpenNeuro/ds003691,0,0,0,0,0,0,87,0,0,0,0,0,0
PT030_OpenNeuro/ds003696,0,0,0,0,0,0,30,0,0,0,0,0,0
PT030_OpenNeuro/ds003701,0,0,0,0,0,0,96,0,96,0,0,0,0
PT030_OpenNeuro/ds003707,0,0,0,0,0,0,35,0,35,0,0,0,0
PT030_OpenNeuro/ds003709,0,0,0,0,0,0,51,0,0,0,0,0,0
PT030_OpenNeuro/ds003711,0,0,0,0,0,0,35,0,35,0,0,0,0
PT030_OpenNeuro/ds003714,0,0,0,0,0,0,1,0,0,0,0,0,0
PT030_OpenNeuro/ds003715,0,0,0,0,0,0,59,0,0,0,0,0,0
PT030_OpenNeuro/ds003716,0,0,0,0,0,0,0,1,0,0,0,0,0
PT030_OpenNeuro/ds003717,0,0,0,0,0,0,60,0,60,0,0,0,0
PT030_OpenNeuro/ds003720,0,0,0,0,0,0,5,0,0,0,0,0,0
PT030_OpenNeuro/ds003721,0,0,0,0,0,0,35,0,0,0,0,0,0
PT030_OpenNeuro/ds003745,0,0,0,0,0,0,50,0,50,0,0,0,0
PT030_OpenNeuro/ds003752,0,0,0,0,0,0,6,0,0,0,0,0,0
PT030_OpenNeuro/ds003758,0,0,0,0,0,0,15,0,0,0,0,0,0
PT030_OpenNeuro/ds003763,0,0,0,0,0,0,42,0,0,0,0,0,0
PT030_OpenNeuro/ds003764,0,0,0,0,0,0,60,0,0,0,0,0,0
PT030_OpenNeuro/ds003768,0,0,0,0,0,0,33,0,0,0,0,0,0
PT030_OpenNeuro/ds003770,0,0,0,0,0,0,8,0,0,0,0,0,0
PT030_OpenNeuro/ds003772,0,0,0,0,0,0,32,0,0,0,0,0,0
PT030_OpenNeuro/ds003777,0,0,0,0,0,0,4,0,0,0,0,0,0
PT030_OpenNeuro/ds003778,0,0,0,0,0,0,32,0,32,0,0,0,0
PT030_OpenNeuro/ds003782,0,0,0,0,0,0,41,0,0,0,0,0,0
PT030_OpenNeuro/ds003787,0,0,0,0,0,0,53,0,11,0,0,0,0
PT030_OpenNeuro/ds003789,0,0,0,0,0,0,32,0,0,0,0,0,0
PT030_OpenNeuro/ds003791,0,0,0,0,0,0,49,0,0,0,0,0,0
PT030_OpenNeuro/ds003798,0,0,0,0,0,0,249,0,73,0,0,0,0
PT030_OpenNeuro/ds003799,0,0,0,0,0,0,144,0,0,0,0,0,0
PT030_OpenNeuro/ds003814,0,0,0,0,0,0,30,0,60,0,0,0,0
PT030_OpenNeuro/ds003823,0,0,0,0,0,0,331,0,0,0,0,100,812
PT030_OpenNeuro/ds003826,0,0,0,0,0,0,136,0,0,0,0,0,0
PT030_OpenNeuro/ds003831,0,0,0,0,0,0,73,0,0,0,0,0,0
PT030_OpenNeuro/ds003834,0,0,0,0,0,0,14,0,0,0,0,0,0
PT030_OpenNeuro/ds003835,0,0,0,0,0,0,24,0,0,0,0,0,0
PT030_OpenNeuro/ds003836,0,0,0,0,0,0,35,0,35,0,0,0,0
PT030_OpenNeuro/ds003848,0,0,0,0,0,0,5,0,0,0,0,0,0
PT030_OpenNeuro/ds003849,0,0,0,92,0,0,0,0,92,0,0,0,0
PT030_OpenNeuro/ds003851,0,0,0,0,0,0,43,0,43,0,0,0,0
PT030_OpenNeuro/ds003858,0,0,0,0,0,0,12,0,0,0,0,0,0
PT030_OpenNeuro/ds003871,0,0,0,0,0,0,62,0,0,0,0,0,0
PT030_OpenNeuro/ds003872,0,0,0,0,0,0,56,0,0,0,0,0,112
PT030_OpenNeuro/ds003877,0,0,0,0,0,0,79,0,0,0,0,0,0
PT030_OpenNeuro/ds003892,0,0,0,0,0,0,51,0,0,0,0,0,0
PT030_OpenNeuro/ds003900,0,0,0,0,0,0,1,0,0,0,0,0,0
PT030_OpenNeuro/ds003922,0,0,0,0,0,0,13,0,0,0,0,0,0
PT030_OpenNeuro/ds003927,0,0,0,0,0,0,7,0,0,0,0,0,0
PT030_OpenNeuro/ds003949,0,0,0,0,0,0,296,0,0,296,0,0,0
PT030_OpenNeuro/ds003950,0,0,0,0,0,0,42,0,0,0,0,0,0
PT030_OpenNeuro/ds003965,0,0,0,0,0,0,1,0,0,0,0,0,0
PT030_OpenNeuro/ds003967,0,0,0,0,0,0,0,0,0,0,0,0,60
PT030_OpenNeuro/ds003972,0,0,0,0,0,0,8,0,0,0,0,0,0
PT030_OpenNeuro/ds003974,0,0,0,0,0,0,52,0,0,0,0,0,102
PT030_OpenNeuro/ds003988,0,0,0,0,0,0,56,0,0,0,0,0,112
PT030_OpenNeuro/ds003990,0,0,0,0,0,0,6,0,12,0,0,0,0
PT030_OpenNeuro/ds003993,0,0,0,0,0,0,0,0,11,0,0,0,0
PT030_OpenNeuro/ds003999,0,0,0,0,0,0,42,0,0,0,0,0,0
PT030_OpenNeuro/ds004006,0,0,0,0,0,0,41,0,41,0,0,0,0
PT030_OpenNeuro/ds004007,0,0,0,0,0,0,25,0,0,0,0,0,0
PT030_OpenNeuro/ds004009,0,0,0,0,0,0,33,0,0,0,0,0,0
PT030_OpenNeuro/ds004021,0,0,0,0,0,0,64,0,0,0,0,0,0
PT030_OpenNeuro/ds004024,0,0,0,0,0,0,13,0,0,0,0,0,161
PT030_OpenNeuro/ds004038,0,0,0,0,0,0,0,0,31,0,0,0,0
PT030_OpenNeuro/ds004042,0,0,0,0,0,0,20,0,0,0,0,0,0
PT030_OpenNeuro/ds004044,0,0,0,0,0,0,63,0,0,0,0,0,0
PT030_OpenNeuro/ds004054,0,0,0,0,0,0,37,0,89,0,0,0,0
PT030_OpenNeuro/ds004056,0,0,0,0,0,0,87,0,58,0,0,0,0
PT030_OpenNeuro/ds004065,0,0,0,0,0,0,20,0,0,0,0,0,0
PT030_OpenNeuro/ds004073,0,0,0,0,0,0,51,0,0,0,0,0,0
PT030_OpenNeuro/ds004078,0,0,0,0,0,0,24,0,24,0,0,0,72
PT030_OpenNeuro/ds004081,0,0,0,0,0,0,35,0,0,0,0,0,0
PT030_OpenNeuro/ds004086,0,0,0,0,0,0,58,0,0,0,0,0,0
PT030_OpenNeuro/ds004091,0,0,0,0,0,0,32,0,8,0,0,0,0
PT030_OpenNeuro/ds004094,0,0,0,0,0,0,37,0,74,0,0,0,0
PT030_OpenNeuro/ds004097,0,0,0,0,0,0,40,0,40,0,0,0,200
PT030_OpenNeuro/ds004101,0,0,0,0,0,0,9,0,0,0,0,0,0
PT030_OpenNeuro/ds004102,0,0,0,0,0,0,63,0,0,0,0,0,0
PT030_OpenNeuro/ds004103,0,0,0,0,0,0,66,0,0,0,0,0,0
PT030_OpenNeuro/ds004107,0,0,0,0,0,0,8,0,0,0,0,0,0
PT030_OpenNeuro/ds004109,0,0,0,0,0,0,29,0,0,0,0,0,0
PT030_OpenNeuro/ds004128,0,0,0,0,0,0,32,0,0,0,0,0,0
PT030_OpenNeuro/ds004129,0,0,0,0,0,0,1,0,0,0,0,0,0
PT030_OpenNeuro/ds004130,0,0,0,0,0,0,1,0,0,0,0,0,0
PT030_OpenNeuro/ds004131,0,0,0,0,0,0,1,0,0,0,0,0,0
PT030_OpenNeuro/ds004134,0,0,0,0,0,0,36,0,0,0,0,0,0
PT030_OpenNeuro/ds004141,0,0,0,0,0,0,20,0,0,0,0,0,0
PT030_OpenNeuro/ds004142,0,0,0,0,0,0,10,0,0,0,0,0,0
PT030_OpenNeuro/ds004144,0,0,0,0,0,0,66,0,66,0,0,0,0
PT030_OpenNeuro/ds004146,0,8613,673,0,1372,0,0,0,2476,0,0,0,4973
PT030_OpenNeuro/ds004158,0,0,0,0,0,0,20,0,20,0,0,0,0
PT030_OpenNeuro/ds004169,0,0,0,0,0,0,1342,0,0,0,0,0,0
PT030_OpenNeuro/ds004173,0,0,0,0,0,0,436,0,0,0,0,0,0
PT030_OpenNeuro/ds004182,0,0,0,0,0,0,50,0,0,0,0,0,0
PT030_OpenNeuro/ds004187,0,0,0,0,0,0,12,0,0,0,0,0,159
PT030_OpenNeuro/ds004192,0,0,0,0,0,0,13,0,11,3,0,0,0
PT030_OpenNeuro/ds004194,0,0,0,0,0,0,14,0,0,0,0,0,0
PT030_OpenNeuro/ds004196,0,0,0,0,0,0,4,0,0,0,0,0,0
PT030_OpenNeuro/ds004199,0,0,170,0,0,0,170,0,0,0,0,0,0
PT030_OpenNeuro/ds004212,0,0,0,0,0,0,4,0,0,0,0,0,0
PT030_OpenNeuro/ds004213,0,0,0,0,0,0,6,0,0,0,0,0,0
PT030_OpenNeuro/ds004217,0,0,0,0,0,0,53,0,0,0,0,0,0
PT030_OpenNeuro/ds004219,0,0,0,0,0,0,20,0,0,0,0,0,0
PT030_OpenNeuro/ds004226,0,0,0,0,0,0,28,0,0,0,0,0,0
PT030_OpenNeuro/ds004228,0,0,0,0,0,0,70,0,0,0,0,0,0
PT030_OpenNeuro/ds004230,0,0,0,0,0,0,17,0,0,0,0,0,0
PT030_OpenNeuro/ds004259,0,0,0,0,0,0,64,0,0,0,0,0,0
PT030_OpenNeuro/ds004261,0,0,0,0,0,0,55,0,0,0,0,0,0
PT030_OpenNeuro/ds004271,0,0,0,0,0,0,8,0,2,0,0,0,0
PT030_OpenNeuro/ds004274,0,0,0,0,0,0,65,0,0,0,0,0,0
PT030_OpenNeuro/ds004280,0,0,0,0,0,0,2,0,0,0,0,0,0
PT030_OpenNeuro/ds004283,0,0,0,0,0,0,4,0,0,0,0,0,0
PT030_OpenNeuro/ds004285,0,0,0,0,0,0,78,0,78,0,0,0,0
PT030_OpenNeuro/ds004286,0,0,0,0,0,0,32,0,0,0,0,0,0
PT030_OpenNeuro/ds004299,0,977,0,0,0,0,223,0,0,0,0,0,1467
PT030_OpenNeuro/ds004301,0,0,0,0,0,0,11,0,0,0,0,0,0
PT030_OpenNeuro/ds004302,0,0,0,0,0,0,71,0,0,0,0,0,0
PT030_OpenNeuro/ds004312,0,0,0,0,0,0,20,0,0,0,0,0,0
PT030_OpenNeuro/ds004323,0,0,0,0,0,0,32,0,0,0,0,0,0
PT030_OpenNeuro/ds004327,0,0,0,0,0,0,47,0,0,0,0,0,0
PT030_OpenNeuro/ds004331,0,0,0,0,0,0,29,0,0,0,0,0,0
PT030_OpenNeuro/ds004332,0,0,60,0,0,0,352,0,208,0,0,0,0
PT030_OpenNeuro/ds004341,0,0,0,0,0,0,28,0,28,0,0,0,0
PT030_OpenNeuro/ds004346,0,0,0,0,0,0,1,0,0,0,0,0,0
PT030_OpenNeuro/ds004349,0,0,0,0,0,0,56,0,56,0,0,0,0
PT030_OpenNeuro/ds004359,0,0,0,0,0,0,57,0,0,0,0,0,0
PT030_OpenNeuro/ds004392,0,0,0,0,0,0,58,0,0,0,0,0,0
PT030_OpenNeuro/ds004393,0,0,0,0,0,0,32,0,0,0,0,0,0
PT030_OpenNeuro/ds004400,0,0,0,0,0,0,25,0,0,0,0,0,0
PT030_OpenNeuro/ds004401,0,0,0,0,0,0,1,0,0,0,0,0,0
PT030_OpenNeuro/ds004406,0,0,0,0,0,0,17,0,0,0,0,0,0
PT030_OpenNeuro/ds004440,0,0,0,0,0,0,48,0,1,0,0,0,0
PT030_OpenNeuro/ds004443,0,0,0,0,0,0,8,0,8,0,0,0,0
PT030_OpenNeuro/ds004450,0,0,0,0,0,0,3,0,0,0,0,0,0
PT030_OpenNeuro/ds004455,0,0,0,0,0,0,94,0,0,0,0,0,0
PT030_OpenNeuro/ds004456,0,0,0,0,0,0,84,0,44,0,0,0,0
PT030_OpenNeuro/ds004458,0,0,0,0,0,0,1,0,0,0,0,0,0
PT030_OpenNeuro/ds004466,0,0,0,0,0,0,127,0,127,0,0,0,0
PT030_OpenNeuro/ds004467,0,0,0,0,0,0,0,0,18,0,0,0,0
PT030_OpenNeuro/ds004469,0,0,0,0,0,0,66,0,0,0,0,0,0
PT030_OpenNeuro/ds004470,0,0,0,0,0,0,0,0,0,0,0,0,32
PT030_OpenNeuro/ds004471,0,0,0,0,0,0,40,0,0,0,0,0,0
PT030_OpenNeuro/ds004473,0,0,0,0,0,0,8,0,8,0,0,0,0
PT030_OpenNeuro/ds004475,0,0,0,0,0,0,30,0,0,0,0,0,0
PT030_OpenNeuro/ds004478,0,0,0,0,0,0,6,0,0,0,0,0,0
PT030_OpenNeuro/ds004482,0,0,0,0,0,0,22,0,0,0,0,0,0
PT030_OpenNeuro/ds004484,0,0,0,0,0,0,20,0,0,0,0,0,0
PT030_OpenNeuro/ds004488,0,0,0,0,0,0,30,0,0,0,0,0,0
PT030_OpenNeuro/ds004489,0,0,0,0,0,0,29,0,0,0,0,0,0
PT030_OpenNeuro/ds004493,0,0,0,0,0,0,16,0,0,0,0,0,0
PT030_OpenNeuro/ds004496,0,0,0,0,0,0,30,0,0,0,0,0,0
PT030_OpenNeuro/ds004498,0,0,0,0,0,0,7,0,7,0,0,0,21
PT030_OpenNeuro/ds004499,0,0,0,0,0,0,50,0,0,0,0,0,0
PT030_OpenNeuro/ds004505,0,0,0,0,0,0,25,0,0,0,0,0,0
PT030_OpenNeuro/ds004513,0,0,0,0,0,0,29,0,0,0,0,0,58
PT030_OpenNeuro/ds004516,0,0,0,0,0,0,43,0,0,0,0,0,0
PT030_OpenNeuro/ds004529,0,0,0,0,0,0,34,0,0,0,0,0,0
PT030_OpenNeuro/ds004533,0,0,0,0,0,0,45,0,43,0,0,0,0
PT030_OpenNeuro/ds004539,0,0,0,0,0,0,0,0,0,0,0,0,6
PT030_OpenNeuro/ds004542,0,0,0,0,0,0,20,0,0,0,0,0,0
PT030_OpenNeuro/ds004544,0,0,0,0,0,0,38,0,0,0,0,0,0
PT030_OpenNeuro/ds004553,0,0,0,0,0,0,50,0,0,0,0,0,0
PT030_OpenNeuro/ds004556,0,0,0,0,0,0,53,0,53,0,0,0,0
PT030_OpenNeuro/ds004557,0,0,0,0,0,0,35,0,35,0,0,0,0
PT030_OpenNeuro/ds004560,0,0,0,0,0,0,18,0,0,0,0,0,0
PT030_OpenNeuro/ds004564,0,0,0,0,0,0,2,0,0,0,0,0,0
PT030_OpenNeuro/ds004581,0,0,0,0,0,0,30,0,0,0,0,0,58
PT030_OpenNeuro/ds004589,0,0,0,0,0,0,99,0,98,0,0,0,0
PT030_OpenNeuro/ds004590,0,0,0,0,0,0,19,0,0,0,0,0,0
PT030_OpenNeuro/ds004592,0,0,0,0,0,0,27,0,0,0,0,0,0
PT030_OpenNeuro/ds004594,0,0,0,0,0,0,20,0,0,0,0,0,0
PT030_OpenNeuro/ds004597,0,0,0,0,0,0,27,0,27,0,0,0,0
PT030_OpenNeuro/ds004604,0,0,0,0,0,0,50,0,0,0,0,0,0
PT030_OpenNeuro/ds004605,0,0,0,0,0,0,132,0,133,0,0,0,396
PT030_OpenNeuro/ds004611,0,0,0,0,0,0,0,0,64,0,0,0,292
PT030_OpenNeuro/ds004627,0,0,23,0,0,0,460,0,421,0,0,0,0
PT030_OpenNeuro/ds004630,0,0,0,0,0,0,49,0,0,0,0,0,0
PT030_OpenNeuro/ds004631,0,0,0,0,0,0,38,0,0,0,0,0,0
PT030_OpenNeuro/ds004636,0,0,0,0,0,0,181,0,140,0,0,0,0
PT030_OpenNeuro/ds004645,0,0,0,0,0,0,15,0,0,0,0,0,0
PT030_OpenNeuro/ds004647,0,0,0,0,0,0,44,0,0,0,0,0,0
PT030_OpenNeuro/ds004648,0,0,0,0,0,0,88,0,0,0,0,0,0
PT030_OpenNeuro/ds004650,0,0,0,0,0,0,3,0,0,0,0,0,0
PT030_OpenNeuro/ds004654,0,0,0,0,0,0,28,0,0,0,0,0,0
PT030_OpenNeuro/ds004656,0,0,0,0,0,0,30,0,0,0,0,0,0
PT030_OpenNeuro/ds004662,0,0,0,0,0,0,8,0,0,0,0,0,0
PT030_OpenNeuro/ds004663,0,0,0,0,0,0,34,0,34,0,0,0,0
PT030_OpenNeuro/ds004666,0,0,0,0,0,0,3,0,0,0,0,0,0
PT030_OpenNeuro/ds004670,0,0,0,0,0,0,7,0,205,0,0,0,0
PT030_OpenNeuro/ds004692,0,0,0,0,0,0,29,0,30,0,0,0,0
PT030_OpenNeuro/ds004693,0,0,0,0,0,0,29,0,0,0,0,0,0
PT030_OpenNeuro/ds004697,0,0,0,0,0,0,84,0,0,0,0,0,0
PT030_OpenNeuro/ds004698,0,0,0,0,0,0,12,0,12,0,0,0,0
PT030_OpenNeuro/ds004710,0,0,0,0,0,0,0,0,0,0,0,0,17
PT030_OpenNeuro/ds004711,0,0,0,0,0,0,188,0,0,0,0,0,0
PT030_OpenNeuro/ds004712,0,0,9,0,320,0,140,0,250,0,0,0,7390
PT030_OpenNeuro/ds004715,0,0,0,0,0,0,11,0,0,0,0,0,0
PT030_OpenNeuro/ds004717,0,42,42,0,84,0,42,0,42,0,0,0,42
PT030_OpenNeuro/ds004718,0,0,0,0,0,0,50,0,0,0,0,0,0
PT030_OpenNeuro/ds004720,0,0,0,0,0,0,4,0,0,0,0,0,0
PT030_OpenNeuro/ds004725,0,0,0,0,0,0,87,0,0,0,0,0,0
PT030_OpenNeuro/ds004730,0,0,0,0,0,0,10,0,0,0,0,0,0
PT030_OpenNeuro/ds004731,0,0,0,0,0,0,35,0,0,0,0,0,0
PT030_OpenNeuro/ds004733,0,0,0,0,0,0,18,0,0,0,0,0,0
PT030_OpenNeuro/ds004737,0,0,0,0,0,0,20,0,0,0,0,0,1007
PT030_OpenNeuro/ds004743,0,0,0,0,0,0,19,0,0,0,0,0,0
PT030_OpenNeuro/ds004746,0,0,0,0,0,0,398,0,0,0,0,0,0
PT030_OpenNeuro/ds004765,0,0,0,0,0,0,136,0,0,0,0,0,92
PT030_OpenNeuro/ds004775,0,0,0,0,0,0,28,0,0,0,0,0,0
PT030_OpenNeuro/ds004776,0,0,0,0,0,0,1,0,0,0,0,0,0
PT030_OpenNeuro/ds004783,0,0,0,0,0,0,26,0,0,0,0,0,0
PT030_OpenNeuro/ds004786,0,0,0,0,0,0,40,0,0,0,0,0,0
PT030_OpenNeuro/ds004787,0,0,0,0,0,0,9,0,10,0,0,0,0
PT030_OpenNeuro/ds004791,0,0,0,0,0,0,68,0,0,0,0,0,0
PT030_OpenNeuro/ds004795,0,0,0,0,0,0,592,0,0,0,0,0,0
PT030_OpenNeuro/ds004798,0,0,0,0,0,0,31,0,15,0,0,0,0
PT030_OpenNeuro/ds004808,0,0,0,0,0,0,24,0,0,0,0,0,0
PT030_OpenNeuro/ds004814,0,0,0,5,0,0,17,0,5,0,0,0,0
PT030_OpenNeuro/ds004815,0,0,0,16,0,0,16,0,0,0,0,0,0
PT030_OpenNeuro/ds004829,0,0,0,0,0,0,30,0,0,0,0,0,0
PT030_OpenNeuro/ds004835,0,0,0,6,0,0,8,0,0,0,0,0,0
PT030_OpenNeuro/ds004837,0,0,0,0,0,0,60,0,0,0,0,0,0
PT030_OpenNeuro/ds004848,0,0,0,0,0,0,73,0,0,0,0,0,0
PT030_OpenNeuro/ds004856,0,0,968,0,0,0,967,0,0,0,0,0,2656
PT030_OpenNeuro/ds004866,0,0,0,0,0,0,10,0,0,0,0,0,0
PT030_OpenNeuro/ds004868,0,0,0,0,0,0,10,0,0,0,0,0,0
PT030_OpenNeuro/ds004869,0,0,0,0,0,0,27,0,0,0,0,0,0
PT030_OpenNeuro/ds004873,0,0,38,0,0,0,74,0,448,0,0,0,0
PT030_OpenNeuro/ds004884,0,378,235,0,0,0,447,0,441,0,0,0,4156
PT030_OpenNeuro/ds004889,5,1769,1715,0,0,0,1715,0,0,0,0,0,1656
PT030_OpenNeuro/ds004892,0,0,0,0,0,0,30,0,0,0,0,0,0
PT030_OpenNeuro/ds004894,0,0,0,0,0,0,49,0,0,0,0,0,0
PT030_OpenNeuro/ds004909,0,0,0,0,0,0,29,0,0,0,0,0,0
PT030_OpenNeuro/ds004910,0,0,20,0,0,0,20,0,0,0,0,0,670
PT030_OpenNeuro/ds004917,0,0,0,0,0,0,52,0,52,0,0,0,90
PT030_OpenNeuro/ds004920,0,0,0,0,0,0,59,0,0,0,0,0,0
PT030_OpenNeuro/ds004928,0,0,0,0,0,0,30,0,0,0,0,0,0
PT030_OpenNeuro/ds004934,0,0,0,0,0,0,44,0,0,0,0,0,0
PT030_OpenNeuro/ds004937,0,0,0,0,0,0,87,0,0,0,0,0,0
PT030_OpenNeuro/ds004945,0,0,0,0,0,0,0,0,0,0,0,0,3
PT030_OpenNeuro/ds004946,0,0,0,0,0,0,90,0,0,0,0,0,0
PT030_OpenNeuro/ds004956,0,0,0,0,0,0,15,0,0,0,0,0,0
PT030_OpenNeuro/ds004957,0,0,0,0,0,0,18,0,0,0,0,0,0
PT030_OpenNeuro/ds004958,0,33,7,0,0,0,170,408,68,0,0,0,232
PT030_OpenNeuro/ds004965,0,0,0,0,0,0,133,0,0,0,0,0,0
PT030_OpenNeuro/ds004993,0,0,0,0,0,0,4,0,0,0,0,0,0
PT030_OpenNeuro/ds004996,0,0,0,0,0,0,50,0,0,0,0,0,0
PT030_OpenNeuro/ds005003,0,0,0,0,0,0,42,0,24,0,0,0,0
PT030_OpenNeuro/ds005009,0,0,0,0,0,0,15,0,0,0,0,0,0
PT030_OpenNeuro/ds005012,0,0,0,0,0,0,240,0,0,0,0,0,0
PT030_OpenNeuro/ds005016,0,0,0,0,0,0,347,0,0,0,0,0,676
PT030_OpenNeuro/ds005017,0,0,0,0,0,0,39,0,0,0,0,0,0
PT030_OpenNeuro/ds005025,0,0,0,0,0,0,0,38,333,0,0,0,25
PT030_OpenNeuro/ds005026,0,82,0,0,0,0,82,0,0,0,0,0,164
PT030_OpenNeuro/ds005027,0,0,0,0,0,0,350,0,0,0,0,0,0
PT030_OpenNeuro/ds005038,0,0,0,0,0,0,58,0,0,0,0,0,1
PT030_OpenNeuro/ds005040,0,0,0,0,0,0,49,0,1,0,0,0,0
PT030_OpenNeuro/ds005047,0,0,0,0,0,0,5,0,0,0,0,0,0
PT030_OpenNeuro/ds005050,0,0,0,0,0,0,40,0,0,0,0,0,0
PT030_OpenNeuro/ds005056,0,0,0,0,0,0,25,0,0,0,0,0,0
PT030_OpenNeuro/ds005063,0,2,0,0,0,0,3,0,3,0,0,0,12
PT030_OpenNeuro/ds005069,0,0,0,0,0,0,1,0,0,0,0,0,0
PT030_OpenNeuro/ds005072,0,0,0,0,0,0,1,0,0,0,0,0,0
PT030_OpenNeuro/ds005073,0,0,0,0,0,0,62,0,62,0,0,0,0
PT030_OpenNeuro/ds005075,0,0,0,0,0,0,31,0,0,0,0,0,0
PT030_OpenNeuro/ds005085,0,0,0,0,0,0,10,0,0,0,0,0,0
PT030_OpenNeuro/ds005088,0,0,0,0,0,0,27,0,27,0,0,0,0
PT030_OpenNeuro/ds005096,0,0,0,0,0,0,0,0,0,126,0,0,0
PT030_OpenNeuro/ds005115,0,0,0,0,0,0,40,0,40,0,0,0,0
PT030_OpenNeuro/ds005118,0,0,0,0,0,0,6,0,6,0,0,0,0
PT030_OpenNeuro/ds005123,0,0,109,0,0,0,114,0,0,0,0,0,648
PT030_OpenNeuro/ds005125,0,0,0,0,0,0,34,0,0,0,0,0,0
PT030_OpenNeuro/ds005126,0,0,0,0,0,0,35,0,0,0,0,0,0
PT030_OpenNeuro/ds005127,0,0,0,0,0,0,78,0,13,0,0,0,0
PT030_OpenNeuro/ds005128,0,0,0,0,0,0,40,0,0,0,0,0,0
PT030_OpenNeuro/ds005134,0,0,0,0,0,0,1,0,1,0,0,0,6
PT030_OpenNeuro/ds005139,0,0,0,0,0,0,27,0,0,0,0,0,0
PT030_OpenNeuro/ds005148,0,0,0,0,0,0,16,0,0,0,0,0,0
PT030_OpenNeuro/ds005165,0,0,0,0,0,0,10,0,10,0,0,0,0
PT030_OpenNeuro/ds005166,0,0,0,0,0,0,39,0,0,0,0,0,0
PT030_OpenNeuro/ds005169,0,0,0,0,0,0,20,0,0,0,0,0,0
PT030_OpenNeuro/ds005191,0,0,0,0,0,0,6,0,103,0,0,0,0
PT030_OpenNeuro/ds005194,0,0,0,0,0,0,8,0,0,0,0,0,0
PT030_OpenNeuro/ds005203,0,0,0,0,0,0,20,0,0,0,0,0,0
PT030_OpenNeuro/ds005215,0,0,0,1,0,0,64,0,0,0,0,0,0
PT030_OpenNeuro/ds005216,0,0,0,0,0,0,86,0,0,0,0,0,0
PT030_OpenNeuro/ds005226,0,0,0,0,0,0,59,0,0,0,0,0,0
PT030_OpenNeuro/ds005230,0,0,0,0,0,0,44,0,0,0,0,0,0
PT030_OpenNeuro/ds005234,0,0,0,0,0,0,74,0,0,0,0,0,0
PT030_OpenNeuro/ds005237,0,0,0,2,0,0,234,0,246,0,0,0,0
PT030_OpenNeuro/ds005238,0,0,0,0,0,0,0,0,0,0,0,0,72
PT030_OpenNeuro/ds005239,0,0,0,0,0,0,4,0,0,0,0,0,0
PT030_OpenNeuro/ds005250,0,0,0,0,0,0,17,0,0,0,0,0,0
PT030_OpenNeuro/ds005256,0,0,0,0,0,0,117,0,0,0,0,0,580
PT030_OpenNeuro/ds005263,0,0,0,0,0,0,68,0,0,0,0,0,0
PT030_OpenNeuro/ds005264,0,0,0,0,0,0,63,0,0,0,0,0,0
PT030_OpenNeuro/ds005265,0,0,0,0,0,0,78,0,0,0,0,0,0
PT030_OpenNeuro/ds005266,0,0,0,0,0,0,68,0,0,0,0,0,0
PT030_OpenNeuro/ds005267,0,0,0,0,0,0,21,0,0,0,0,0,0
PT030_OpenNeuro/ds005270,0,304,158,0,0,0,158,0,0,0,0,0,2
PT030_OpenNeuro/ds005279,0,0,0,0,0,0,30,0,0,0,0,0,0
PT030_OpenNeuro/ds005295,0,0,0,0,0,0,51,0,0,0,0,0,0
PT030_OpenNeuro/ds005299,0,0,0,0,0,0,27,0,27,0,0,0,375
PT030_OpenNeuro/ds005304,0,0,0,0,0,0,35,0,0,0,0,0,0
PT030_OpenNeuro/ds005329,0,0,0,0,0,0,25,0,0,0,0,0,0
PT030_OpenNeuro/ds005341,0,0,0,0,0,0,49,0,0,0,0,0,392
PT030_OpenNeuro/ds005345,0,0,0,0,0,0,26,0,0,0,0,0,0
PT030_OpenNeuro/ds005346,0,0,0,0,0,0,59,0,0,0,0,0,0
PT030_OpenNeuro/ds005355,0,0,0,0,0,0,12,0,0,0,0,0,0
PT030_OpenNeuro/ds005357,0,0,0,0,0,0,45,0,0,0,0,0,0
PT030_OpenNeuro/ds005360,0,0,0,0,0,0,66,0,0,0,0,0,726
PT030_OpenNeuro/ds005364,0,0,0,0,0,0,100,0,100,0,0,0,178
PT030_OpenNeuro/ds005365,0,0,0,0,0,0,1,0,1,0,0,0,0
PT030_OpenNeuro/ds005366,0,0,0,0,0,0,158,0,1,0,0,0,1
PT030_OpenNeuro/ds005371,0,0,0,0,0,0,28,0,0,0,0,0,0
PT030_OpenNeuro/ds005374,0,0,0,2,0,0,47,0,0,0,0,0,0
PT030_OpenNeuro/ds005375,0,0,0,0,0,0,58,0,0,0,0,0,0
PT030_OpenNeuro/ds005386,0,0,0,0,0,0,52,0,52,0,0,0,0
PT030_OpenNeuro/ds005405,0,0,0,0,0,0,404,0,0,0,0,0,0
PT030_OpenNeuro/ds005412,0,0,0,0,0,0,1,0,0,0,0,0,0
PT030_OpenNeuro/ds005413,0,0,0,0,0,0,45,0,0,0,0,0,0
PT030_OpenNeuro/ds005415,0,0,0,0,0,0,13,0,0,0,0,0,0
PT030_OpenNeuro/ds005418,0,0,0,0,0,0,35,0,0,0,0,0,0
PT030_OpenNeuro/ds005427,0,0,0,0,0,0,20,0,0,0,0,0,20
PT030_OpenNeuro/ds005449,0,0,0,0,0,0,113,0,0,0,0,0,0
PT030_OpenNeuro/ds005454,0,0,0,0,0,0,5,0,5,0,0,0,5
PT030_OpenNeuro/ds005455,0,0,0,0,0,0,75,0,0,0,0,0,0
PT030_OpenNeuro/ds005460,0,0,0,0,0,0,160,0,0,0,0,0,0
PT030_OpenNeuro/ds005464,0,0,0,0,0,0,29,0,29,0,0,0,0
PT030_OpenNeuro/ds005468,0,0,0,0,0,0,24,0,0,0,0,0,0
PT030_OpenNeuro/ds005469,0,0,0,0,0,0,43,0,0,0,0,0,0
PT030_OpenNeuro/ds005479,0,0,0,0,0,0,37,0,0,0,0,0,0
PT030_OpenNeuro/ds005492,0,0,0,0,0,0,35,0,0,0,0,0,0
PT030_OpenNeuro/ds005498,0,0,0,0,0,0,159,0,0,0,0,0,0
PT030_OpenNeuro/ds005503,0,0,0,0,0,0,12,0,0,0,0,0,0
PT030_OpenNeuro/ds005504,0,0,0,0,0,0,68,0,0,0,0,0,0
PT030_OpenNeuro/ds005518,0,0,0,0,0,0,50,0,0,0,0,0,0
PT030_OpenNeuro/ds005525,0,0,0,0,0,0,44,0,0,0,0,0,0
PT030_OpenNeuro/ds005529,0,0,0,0,0,0,186,0,0,0,0,0,0
PT030_OpenNeuro/ds005530,0,0,0,0,0,0,18,0,0,0,0,0,0
PT030_OpenNeuro/ds005531,0,0,0,0,0,0,6,0,0,0,0,0,0
PT030_OpenNeuro/ds005533,0,0,8,0,13,0,19,0,8,0,0,0,13
PT030_OpenNeuro/ds005551,0,0,0,0,0,0,47,0,47,0,0,0,0
PT030_OpenNeuro/ds005559,0,120,0,86,0,0,41,0,0,0,0,0,0
PT030_OpenNeuro/ds005571,0,0,0,0,0,0,29,0,26,0,0,0,0
PT030_OpenNeuro/ds005572,0,0,0,0,0,0,30,0,0,0,0,0,120
PT030_OpenNeuro/ds005573,0,0,0,0,0,0,16,0,16,0,0,0,0
PT030_OpenNeuro/ds005574,0,0,0,0,0,0,9,0,0,0,0,0,0
PT030_OpenNeuro/ds005576,0,0,0,0,0,0,25,0,25,0,0,0,0
PT030_OpenNeuro/ds005577,0,0,0,0,0,0,70,0,0,0,0,0,210
PT030_OpenNeuro/ds005581,0,0,0,0,0,0,24,0,0,0,0,0,0
PT030_OpenNeuro/ds005588,0,0,0,0,0,0,40,0,0,0,0,0,0
PT030_OpenNeuro/ds005595,0,0,0,0,0,0,0,0,200,0,0,0,0
PT030_OpenNeuro/ds005596,0,0,0,0,0,0,44,0,0,0,0,0,0
PT030_OpenNeuro/ds005597,0,0,0,0,0,0,4,0,2,0,0,0,0
PT030_OpenNeuro/ds005598,0,0,0,0,0,0,90,0,44,0,0,0,0
PT030_OpenNeuro/ds005600,0,0,0,0,0,0,59,0,0,0,0,0,0
PT030_OpenNeuro/ds005602,0,0,493,0,0,0,542,0,0,0,0,0,0
PT030_OpenNeuro/ds005603,0,0,0,0,0,0,8,0,8,0,0,0,0
PT030_OpenNeuro/ds005604,0,0,0,2,0,0,55,0,42,0,0,0,0
PT030_OpenNeuro/ds005613,0,0,0,0,0,0,101,0,0,0,0,0,404
PT030_OpenNeuro/ds005619,0,0,0,0,0,0,7,0,0,0,0,0,0
PT030_OpenNeuro/ds005623,0,0,0,0,0,0,68,0,0,0,0,0,0
PT030_OpenNeuro/ds005625,0,0,0,0,0,0,1,0,0,0,0,0,0
PT030_OpenNeuro/ds005639,0,0,0,2,0,0,55,0,42,0,0,0,0
PT030_OpenNeuro/ds005664,0,0,0,0,0,0,14,0,14,0,0,0,253
PT030_OpenNeuro/ds005684,0,0,0,0,0,0,35,0,0,0,0,0,0
PT030_OpenNeuro/ds005699,0,0,0,0,0,0,4,0,0,0,0,0,0
PT030_OpenNeuro/ds005700,0,0,0,0,0,0,40,0,0,0,0,0,0
PT030_OpenNeuro/ds005704,0,0,0,0,0,0,25,0,0,0,0,0,0
PT030_OpenNeuro/ds005731,0,0,0,0,0,0,114,0,0,0,0,0,0
PT030_OpenNeuro/ds005733,0,0,0,0,0,0,33,0,33,0,0,0,0
PT030_OpenNeuro/ds005737,0,0,0,0,0,0,0,0,0,0,0,0,10
PT030_OpenNeuro/ds005747,0,0,0,0,0,0,90,0,0,0,0,0,0
PT030_OpenNeuro/ds005752,0,934,432,0,0,0,499,0,682,0,0,0,237
PT030_OpenNeuro/ds005754,0,0,0,0,0,0,124,0,0,0,0,0,0
PT030_OpenNeuro/ds005783,0,0,0,0,0,0,16,0,0,0,0,0,0
PT030_OpenNeuro/ds005795,0,0,0,32,0,0,34,0,0,0,0,0,0
PT030_OpenNeuro/ds005810,0,0,0,0,0,0,30,0,0,0,0,0,0
PT030_OpenNeuro/ds005849,0,0,65,0,0,0,14,0,136,0,0,0,291
PT030_OpenNeuro/ds005850,0,0,0,0,0,0,68,0,0,0,0,0,0
PT030_OpenNeuro/ds005874,0,0,0,0,0,0,0,0,59,0,0,0,59
PT030_OpenNeuro/ds005875,0,0,0,0,0,0,43,0,0,0,0,0,0
PT030_OpenNeuro/ds005880,0,0,0,0,0,0,20,0,0,0,0,0,0
PT030_OpenNeuro/ds005882,0,0,0,0,0,0,23,0,0,0,0,0,0
PT030_OpenNeuro/ds005883,0,0,0,0,0,0,39,0,0,0,0,0,0
PT030_OpenNeuro/ds005884,0,0,0,0,0,0,22,0,0,0,0,0,0
PT030_OpenNeuro/ds005891,0,0,0,0,0,0,42,0,0,0,0,0,0
PT030_OpenNeuro/ds005892,0,0,0,0,0,0,55,0,0,0,0,0,0
PT030_OpenNeuro/ds005894,0,0,0,0,0,0,25,0,0,0,0,0,0
PT030_OpenNeuro/ds005896,0,0,0,0,0,0,262,0,257,0,0,0,510
PT030_OpenNeuro/ds005899,0,0,0,0,0,0,56,0,0,0,0,0,0
PT030_OpenNeuro/ds005901,0,0,0,0,0,0,119,0,120,0,0,0,236
PT030_OpenNeuro/ds005903,0,0,0,0,0,0,12,0,0,0,0,0,0
PT030_OpenNeuro/ds005917,0,0,0,0,0,0,232,0,233,0,0,0,443
PT030_OpenNeuro/ds005920,0,0,0,0,0,0,31,0,0,0,0,0,0
PT030_OpenNeuro/ds005947,0,0,0,0,0,0,48,0,50,0,0,0,0
PT030_OpenNeuro/ds005980,0,0,0,0,0,0,24,0,0,0,0,0,0
PT030_OpenNeuro/ds006005,0,0,0,0,0,0,12,0,8,0,0,0,0
PT030_OpenNeuro/ds006010,0,0,0,0,0,0,42,0,0,0,0,0,0
PT030_OpenNeuro/ds006012,0,0,0,0,0,0,19,0,0,0,0,0,0
PT030_OpenNeuro/ds006033,0,0,0,0,0,0,6,0,0,0,0,0,0
PT030_OpenNeuro/ds006035,0,0,0,0,0,0,5,0,0,0,0,0,0
PT030_OpenNeuro/ds006039,0,0,0,0,0,0,31,0,31,0,0,0,0
PT030_OpenNeuro/ds006040,0,0,0,0,0,0,28,0,0,0,0,0,84
PT030_OpenNeuro/ds006045,0,0,0,0,0,0,145,0,0,0,0,0,0
PT030_OpenNeuro/ds006067,0,0,0,0,0,0,118,0,0,0,0,0,0
PT030_OpenNeuro/ds006072,0,0,0,0,0,0,52,0,33,0,0,0,939
PT030_OpenNeuro/ds006092,0,0,0,0,0,0,60,0,0,0,0,0,0
PT030_OpenNeuro/ds006105,0,0,0,0,0,0,75,0,0,0,0,0,0
PT030_OpenNeuro/ds006111,0,0,0,0,0,0,99,0,0,0,0,0,0
PT030_OpenNeuro/ds006128,0,0,0,0,0,0,12,0,0,0,0,0,0
PT030_OpenNeuro/ds006131,0,165,0,0,0,0,24,36,14,0,0,55,0
PT030_OpenNeuro/ds006156,0,0,0,0,0,0,63,0,0,0,0,0,0
PT030_OpenNeuro/ds006169,0,187,0,0,0,0,232,0,0,0,0,0,570
PT030_OpenNeuro/ds006179,0,0,0,0,0,0,20,0,0,0,0,0,0
PT030_OpenNeuro/ds006181,0,0,0,0,0,0,1,0,0,0,0,0,27
PT030_OpenNeuro/ds006185,0,0,0,0,0,0,12,0,7,0,0,0,0
PT030_OpenNeuro/ds006188,0,0,0,0,0,0,0,0,7,0,0,22,143
PT030_OpenNeuro/ds006193,0,0,0,0,0,0,2,0,2,0,0,0,0
PT030_OpenNeuro/ds006206,0,0,0,0,0,0,5,0,0,0,0,0,0
PT030_OpenNeuro/ds006209,0,0,0,0,0,0,3,0,0,0,0,0,0
PT030_OpenNeuro/ds006211,0,0,0,0,0,0,25,0,0,0,0,0,0
PT030_OpenNeuro/ds006239,0,1,0,0,0,0,85,0,0,0,0,0,270
PT030_OpenNeuro/ds006248,0,0,0,0,0,0,71,0,88,0,0,0,0
PT030_OpenNeuro/ds006265,0,0,0,0,0,0,0,0,0,0,0,0,40
PT030_OpenNeuro/ds006266,0,0,0,0,0,0,0,0,0,0,0,0,40
PT030_OpenNeuro/ds006267,0,0,0,0,0,0,24,0,0,0,0,0,0
PT030_OpenNeuro/ds006303,0,0,0,0,0,0,225,0,0,0,0,0,0
PT030_OpenNeuro/ds006334,0,0,0,0,0,0,22,0,0,0,0,0,0
PT030_OpenNeuro/ds006391,0,126,0,0,0,0,126,0,125,0,0,0,230
PT030_OpenNeuro/ds006395,0,91,0,0,0,0,91,0,0,0,0,0,180
PT030_OpenNeuro/ds006401,0,0,0,0,0,0,14,0,0,0,0,0,0
PT030_OpenNeuro/ds006444,0,0,0,0,0,0,26,0,0,0,0,0,0
PT030_OpenNeuro/ds006472,0,0,0,0,0,0,40,0,0,0,0,0,0
PT031_SLIM,0,0,0,0,0,0,1037,0,0,0,0,0,2059
PT032_Tao_Wu,0,0,0,0,0,0,40,0,0,0,0,0,0
PT033_WAND,159,169,0,0,0,0,1228,1022,229,206,0,0,4119
PT034_Wayne,0,0,0,0,0,0,610,0,0,0,0,0,0
PT035_Yale_Brain_Mets_Longitudinal,0,0,9078,53,17,0,171,0,7356,7,0,0,17118
PT036_Yale_HighRes,0,0,0,0,0,0,576,0,0,0,0,0,0
