dataset,count
PT020_HCP_Wu_Minn,38311
PT035_Yale_Brain_Mets_Longitudinal,33800
PT018_HBN,26097
PT030_OpenNeuro/ds004146,18107
PT027_NKI,10658
PT009_BraTS-GEN,10448
PT030_OpenNeuro/ds003097,8258
PT030_OpenNeuro/ds004712,8109
PT033_WAND,7132
PT030_OpenNeuro/ds004889,6860
PT014_CoRR,5831
PT030_OpenNeuro/ds004884,5657
PT030_OpenNeuro/ds004856,4591
PT021_IXI,3105
PT031_SLIM,3096
PT015_MSD_BrainTumor,3000
PT030_OpenNeuro/ds005752,2784
PT030_OpenNeuro/ds004299,2667
PT030_OpenNeuro/ds003416,2399
PT030_OpenNeuro/ds000221,2373
PT024_M4Raw,2230
PT010_BrainLat,2211
PT029_OASIS2,2113
PT030_OpenNeuro/ds003604,1961
PT016_GSP,1708
PT028_OASIS1,1688
PT023_Infant_Development_Brain,1666
PT013_Calgary_Preschool,1629
PT019_HCP_Wu_Minn_Test_Retest,1460
PT030_OpenNeuro/ds004169,1342
PT030_OpenNeuro/ds003823,1243
PT025_age_ility,1179
PT030_OpenNeuro/ds003138,1113
PT030_OpenNeuro/ds002843,1107
PT030_OpenNeuro/ds005602,1035
PT017_HBN-SSI,1031
PT030_OpenNeuro/ds005896,1029
PT030_OpenNeuro/ds004737,1027
PT030_OpenNeuro/ds006072,1024
PT030_OpenNeuro/ds005016,1023
PT030_OpenNeuro/ds006169,989
PT005_ADHD_200,973
PT030_OpenNeuro/ds004958,918
PT030_OpenNeuro/ds005917,908
PT008_AdolescentBrainDevelopment,905
PT030_OpenNeuro/ds004627,904
PT012_CHBMP,901
PT030_OpenNeuro/ds005123,871
PT030_OpenNeuro/ds005360,792
PT030_OpenNeuro/ds000030,789
PT030_OpenNeuro/ds000206,754
PT030_OpenNeuro/ds004910,710
PT002_Nigerian_Clinical,701
PT030_OpenNeuro/ds005256,697
PT030_OpenNeuro/ds002790,678
PT030_OpenNeuro/ds004605,661
PT026_MICA_MICs,649
PT030_OpenNeuro/ds002785,638
PT030_OpenNeuro/ds005270,622
PT030_OpenNeuro/ds004332,620
PT034_Wayne,610
PT030_OpenNeuro/ds006391,607
PT030_OpenNeuro/ds003037,602
PT030_OpenNeuro/ds004795,592
PT030_OpenNeuro/ds003949,592
PT007_ATAG,583
PT036_Yale_HighRes,576
PT030_OpenNeuro/ds004873,560
PT030_OpenNeuro/ds003508,554
PT030_OpenNeuro/ds003592,552
PT030_OpenNeuro/ds003346,548
PT022_Bejing_Enhanced,540
PT030_OpenNeuro/ds005849,506
PT030_OpenNeuro/ds005613,505
PT030_OpenNeuro/ds005237,482
PT030_OpenNeuro/ds005901,475
PT030_OpenNeuro/ds001894,463
PT030_OpenNeuro/ds001942,451
PT030_OpenNeuro/ds005341,441
PT030_OpenNeuro/ds004173,436
PT030_OpenNeuro/ds005299,429
PT030_OpenNeuro/ds002345,425
PT006_AHEAD,420
PT030_OpenNeuro/ds005405,404
PT030_OpenNeuro/ds001771,400
PT030_OpenNeuro/ds004746,398
PT030_OpenNeuro/ds002330,396
PT030_OpenNeuro/ds005025,396
PT030_OpenNeuro/ds000201,384
PT030_OpenNeuro/ds005364,378
PT030_OpenNeuro/ds003499,367
PT030_OpenNeuro/ds006395,362
PT030_OpenNeuro/ds004611,356
PT030_OpenNeuro/ds006239,356
PT030_OpenNeuro/ds005027,350
PT030_OpenNeuro/ds004199,340
PT030_OpenNeuro/ds005026,328
PT030_OpenNeuro/ds003798,322
PT030_OpenNeuro/ds004636,321
PT030_OpenNeuro/ds006131,294
PT030_OpenNeuro/ds004717,294
PT030_OpenNeuro/ds005664,281
PT030_OpenNeuro/ds005577,280
PT030_OpenNeuro/ds004097,280
PT030_OpenNeuro/ds000117,262
PT030_OpenNeuro/ds001796,258
PT030_OpenNeuro/ds004466,254
PT030_OpenNeuro/ds005559,247
PT030_OpenNeuro/ds002543,241
PT030_OpenNeuro/ds005012,240
PT030_OpenNeuro/ds002620,235
PT030_OpenNeuro/ds004765,228
PT030_OpenNeuro/ds006303,225
PT030_OpenNeuro/ds000158,217
PT030_OpenNeuro/ds001226,216
PT030_OpenNeuro/ds004670,212
PT030_OpenNeuro/ds003563,204
PT030_OpenNeuro/ds000224,203
PT030_OpenNeuro/ds005595,200
PT030_OpenNeuro/ds004589,197
PT030_OpenNeuro/ds001486,195
PT030_OpenNeuro/ds004917,194
PT030_OpenNeuro/ds003701,192
PT030_OpenNeuro/ds003242,192
PT030_OpenNeuro/ds004711,188
PT030_OpenNeuro/ds005529,186
PT030_OpenNeuro/ds000031,184
PT030_OpenNeuro/ds003849,184
PT030_OpenNeuro/ds003653,176
PT030_OpenNeuro/ds002080,174
PT030_OpenNeuro/ds004024,174
PT030_OpenNeuro/ds002105,174
PT003_CUNMET,173
PT030_OpenNeuro/ds006188,172
PT030_OpenNeuro/ds004187,171
PT030_OpenNeuro/ds003872,168
PT030_OpenNeuro/ds003988,168
PT004_ACPI,163
PT030_OpenNeuro/ds002320,161
PT030_OpenNeuro/ds005460,160
PT030_OpenNeuro/ds005366,160
PT011_CFMM_7T,160
PT030_OpenNeuro/ds005498,159
PT030_OpenNeuro/ds006248,159
PT030_OpenNeuro/ds001242,158
PT030_OpenNeuro/ds003453,156
PT030_OpenNeuro/ds004285,156
PT030_OpenNeuro/ds000228,155
PT030_OpenNeuro/ds003974,154
PT030_OpenNeuro/ds005572,150
PT030_OpenNeuro/ds001378,150
PT030_OpenNeuro/ds000148,147
PT030_OpenNeuro/ds003145,147
PT030_OpenNeuro/ds004056,145
PT030_OpenNeuro/ds003481,145
PT030_OpenNeuro/ds006045,145
PT030_OpenNeuro/ds003495,144
PT030_OpenNeuro/ds003799,144
PT030_OpenNeuro/ds002380,143
PT030_OpenNeuro/ds002634,140
PT030_OpenNeuro/ds003424,140
PT030_OpenNeuro/ds003826,136
PT030_OpenNeuro/ds005598,134
PT030_OpenNeuro/ds004965,133
PT030_OpenNeuro/ds004144,132
PT030_OpenNeuro/ds004456,128
PT030_OpenNeuro/ds001926,128
PT030_OpenNeuro/ds004054,126
PT030_OpenNeuro/ds005096,126
PT030_OpenNeuro/ds000240,126
PT030_OpenNeuro/ds005073,124
PT030_OpenNeuro/ds005754,124
PT030_OpenNeuro/ds000217,123
PT030_OpenNeuro/ds003233,123
PT030_OpenNeuro/ds001590,122
PT030_OpenNeuro/ds002382,122
PT030_OpenNeuro/ds000243,120
PT030_OpenNeuro/ds004078,120
PT030_OpenNeuro/ds003717,120
PT030_OpenNeuro/ds000239,120
PT030_OpenNeuro/ds002685,120
PT030_OpenNeuro/ds001928,120
PT030_OpenNeuro/ds001972,119
PT030_OpenNeuro/ds002674,119
PT030_OpenNeuro/ds005874,118
PT030_OpenNeuro/ds006067,118
PT030_OpenNeuro/ds003684,115
PT030_OpenNeuro/ds005731,114
PT030_OpenNeuro/ds005449,113
PT030_OpenNeuro/ds002702,112
PT030_OpenNeuro/ds003643,112
PT030_OpenNeuro/ds006040,112
PT030_OpenNeuro/ds004349,112
PT030_OpenNeuro/ds004094,111
PT030_OpenNeuro/ds003465,110
PT030_OpenNeuro/ds005191,109
PT030_OpenNeuro/ds001734,108
PT030_OpenNeuro/ds003011,108
PT030_OpenNeuro/ds004556,106
PT030_OpenNeuro/ds002717,106
PT030_OpenNeuro/ds005386,104
PT030_OpenNeuro/ds001408,104
PT030_OpenNeuro/ds003367,100
PT030_OpenNeuro/ds003745,100
PT030_OpenNeuro/ds002366,100
PT030_OpenNeuro/ds005639,99
PT030_OpenNeuro/ds005604,99
PT030_OpenNeuro/ds001417,99
PT030_OpenNeuro/ds006111,99
PT030_OpenNeuro/ds005947,98
PT030_OpenNeuro/ds001454,97
PT030_OpenNeuro/ds002168,96
PT030_OpenNeuro/ds000009,96
PT030_OpenNeuro/ds002522,95
PT030_OpenNeuro/ds000202,95
PT030_OpenNeuro/ds005551,94
PT030_OpenNeuro/ds004455,94
PT030_OpenNeuro/ds001747,92
PT030_OpenNeuro/ds002185,91
PT030_OpenNeuro/ds002236,91
PT030_OpenNeuro/ds002647,91
PT030_OpenNeuro/ds001499,91
PT030_OpenNeuro/ds005127,91
PT030_OpenNeuro/ds003382,90
PT030_OpenNeuro/ds005747,90
PT030_OpenNeuro/ds004946,90
PT030_OpenNeuro/ds003814,90
PT030_OpenNeuro/ds000258,89
PT030_OpenNeuro/ds004648,88
PT030_OpenNeuro/ds004533,88
PT030_OpenNeuro/ds004581,88
PT030_OpenNeuro/ds004513,87
PT030_OpenNeuro/ds004937,87
PT030_OpenNeuro/ds004725,87
PT030_OpenNeuro/ds003691,87
PT030_OpenNeuro/ds005216,86
PT030_OpenNeuro/ds003851,86
PT030_OpenNeuro/ds002837,86
PT030_OpenNeuro/ds002770,86
PT030_OpenNeuro/ds000174,84
PT030_OpenNeuro/ds004697,84
PT030_OpenNeuro/ds000113,84
PT030_OpenNeuro/ds004006,82
PT030_OpenNeuro/ds003469,81
PT030_OpenNeuro/ds003381,81
PT030_OpenNeuro/ds002643,80
PT030_OpenNeuro/ds005115,80
PT030_OpenNeuro/ds003404,80
PT030_OpenNeuro/ds003151,80
PT030_OpenNeuro/ds000222,79
PT030_OpenNeuro/ds003877,79
PT030_OpenNeuro/ds002424,79
PT030_OpenNeuro/ds005265,78
PT030_OpenNeuro/ds001506,77
PT030_OpenNeuro/ds001818,76
PT030_OpenNeuro/ds000208,76
PT030_OpenNeuro/ds006105,75
PT030_OpenNeuro/ds002813,75
PT030_OpenNeuro/ds003345,75
PT030_OpenNeuro/ds005455,75
PT030_OpenNeuro/ds005234,74
PT030_OpenNeuro/ds003831,73
PT030_OpenNeuro/ds000119,73
PT030_OpenNeuro/ds004848,73
PT030_OpenNeuro/ds005238,72
PT030_OpenNeuro/ds001946,72
PT030_OpenNeuro/ds001517,72
PT030_OpenNeuro/ds002748,72
PT030_OpenNeuro/ds004302,71
PT030_OpenNeuro/ds000238,70
PT030_OpenNeuro/ds002242,70
PT030_OpenNeuro/ds002655,70
PT030_OpenNeuro/ds003836,70
PT030_OpenNeuro/ds003707,70
PT030_OpenNeuro/ds004228,70
PT030_OpenNeuro/ds004557,70
PT030_OpenNeuro/ds003711,70
PT030_OpenNeuro/ds002799,69
PT030_OpenNeuro/ds001927,69
PT030_OpenNeuro/ds005266,68
PT030_OpenNeuro/ds005504,68
PT030_OpenNeuro/ds005263,68
PT030_OpenNeuro/ds002603,68
PT030_OpenNeuro/ds004791,68
PT030_OpenNeuro/ds004663,68
PT030_OpenNeuro/ds005850,68
PT030_OpenNeuro/ds005623,68
PT030_OpenNeuro/ds000220,66
PT030_OpenNeuro/ds005733,66
PT030_OpenNeuro/ds002766,66
PT030_OpenNeuro/ds004103,66
PT030_OpenNeuro/ds005003,66
PT030_OpenNeuro/ds004469,66
PT030_OpenNeuro/ds005795,66
PT030_OpenNeuro/ds004274,65
PT030_OpenNeuro/ds002513,65
PT030_OpenNeuro/ds005215,65
PT030_OpenNeuro/ds003500,65
PT030_OpenNeuro/ds003357,64
PT030_OpenNeuro/ds003778,64
PT030_OpenNeuro/ds004259,64
PT030_OpenNeuro/ds003787,64
PT030_OpenNeuro/ds004021,64
PT030_OpenNeuro/ds003688,63
PT030_OpenNeuro/ds004044,63
PT030_OpenNeuro/ds003459,63
PT030_OpenNeuro/ds005264,63
PT030_OpenNeuro/ds004102,63
PT030_OpenNeuro/ds006156,63
PT030_OpenNeuro/ds000244,62
PT030_OpenNeuro/ds001246,62
PT030_OpenNeuro/ds001748,62
PT030_OpenNeuro/ds003871,62
PT030_OpenNeuro/ds006039,62
PT030_OpenNeuro/ds001430,61
PT030_OpenNeuro/ds001297,61
PT030_OpenNeuro/ds005533,61
PT030_OpenNeuro/ds003764,60
PT030_OpenNeuro/ds003967,60
PT030_OpenNeuro/ds006092,60
PT030_OpenNeuro/ds003505,60
PT030_OpenNeuro/ds003148,60
PT030_OpenNeuro/ds003466,60
PT030_OpenNeuro/ds004837,60
PT030_OpenNeuro/ds004920,59
PT030_OpenNeuro/ds003126,59
PT030_OpenNeuro/ds002731,59
PT030_OpenNeuro/ds005600,59
PT030_OpenNeuro/ds004692,59
PT030_OpenNeuro/ds000053,59
PT030_OpenNeuro/ds005038,59
PT030_OpenNeuro/ds005346,59
PT030_OpenNeuro/ds003715,59
PT030_OpenNeuro/ds002295,59
PT030_OpenNeuro/ds005226,59
PT030_OpenNeuro/ds003639,58
PT030_OpenNeuro/ds004392,58
PT030_OpenNeuro/ds005464,58
PT030_OpenNeuro/ds005375,58
PT030_OpenNeuro/ds004086,58
PT030_OpenNeuro/ds002116,57
PT030_OpenNeuro/ds004359,57
PT030_OpenNeuro/ds004341,56
PT030_OpenNeuro/ds002994,56
PT030_OpenNeuro/ds005899,56
PT030_OpenNeuro/ds002886,56
PT030_OpenNeuro/ds000006,56
PT030_OpenNeuro/ds005892,55
PT030_OpenNeuro/ds004261,55
PT030_OpenNeuro/ds005571,55
PT030_OpenNeuro/ds001555,55
PT030_OpenNeuro/ds003436,55
PT030_OpenNeuro/ds005088,54
PT030_OpenNeuro/ds004597,54
PT030_OpenNeuro/ds001131,54
PT030_OpenNeuro/ds001838,53
PT030_OpenNeuro/ds004217,53
PT030_OpenNeuro/ds001848,52
PT030_OpenNeuro/ds003709,51
PT030_OpenNeuro/ds003612,51
PT030_OpenNeuro/ds004073,51
PT030_OpenNeuro/ds003171,51
PT030_OpenNeuro/ds005295,51
PT030_OpenNeuro/ds003892,51
PT030_OpenNeuro/ds000133,51
PT030_OpenNeuro/ds004604,50
PT030_OpenNeuro/ds004718,50
PT030_OpenNeuro/ds004996,50
PT030_OpenNeuro/ds004553,50
PT030_OpenNeuro/ds005518,50
PT030_OpenNeuro/ds001740,50
PT030_OpenNeuro/ds004499,50
PT030_OpenNeuro/ds005576,50
PT030_OpenNeuro/ds004182,50
PT030_OpenNeuro/ds005040,50
PT030_OpenNeuro/ds001907,50
PT030_OpenNeuro/ds003568,49
PT030_OpenNeuro/ds004894,49
PT030_OpenNeuro/ds004630,49
PT030_OpenNeuro/ds003791,49
PT030_OpenNeuro/ds000107,49
PT030_OpenNeuro/ds002609,49
PT030_OpenNeuro/ds003114,49
PT030_OpenNeuro/ds005374,49
PT030_OpenNeuro/ds004440,49
PT030_OpenNeuro/ds002419,48
PT030_OpenNeuro/ds003545,48
PT030_OpenNeuro/ds000017,48
PT030_OpenNeuro/ds002940,48
PT030_OpenNeuro/ds004327,47
PT030_OpenNeuro/ds001371,47
PT030_OpenNeuro/ds003047,47
PT030_OpenNeuro/ds004798,46
PT030_OpenNeuro/ds003669,46
PT030_OpenNeuro/ds003430,46
PT030_OpenNeuro/ds002422,46
PT030_OpenNeuro/ds001168,46
PT030_OpenNeuro/ds005357,45
PT030_OpenNeuro/ds000245,45
PT030_OpenNeuro/ds000144,45
PT030_OpenNeuro/ds002425,45
PT030_OpenNeuro/ds005413,45
PT030_OpenNeuro/ds004647,44
PT030_OpenNeuro/ds005596,44
PT030_OpenNeuro/ds005525,44
PT030_OpenNeuro/ds005230,44
PT030_OpenNeuro/ds003397,44
PT030_OpenNeuro/ds004934,44
PT030_OpenNeuro/ds002033,43
PT030_OpenNeuro/ds005469,43
PT030_OpenNeuro/ds004516,43
PT030_OpenNeuro/ds001247,43
PT030_OpenNeuro/ds003007,43
PT030_OpenNeuro/ds005875,43
PT030_OpenNeuro/ds005891,42
PT030_OpenNeuro/ds001386,42
PT030_OpenNeuro/ds001534,42
PT030_OpenNeuro/ds003763,42
PT030_OpenNeuro/ds003950,42
PT030_OpenNeuro/ds003999,42
PT030_OpenNeuro/ds006010,42
PT030_OpenNeuro/ds000051,41
PT030_OpenNeuro/ds001521,41
PT030_OpenNeuro/ds003782,41
PT030_OpenNeuro/ds002608,41
PT030_OpenNeuro/ds000007,40
PT030_OpenNeuro/ds006265,40
PT030_OpenNeuro/ds003511,40
PT030_OpenNeuro/ds004471,40
PT030_OpenNeuro/ds005128,40
PT030_OpenNeuro/ds000232,40
PT030_OpenNeuro/ds005427,40
PT030_OpenNeuro/ds005700,40
PT030_OpenNeuro/ds005588,40
PT030_OpenNeuro/ds002989,40
PT030_OpenNeuro/ds006472,40
PT030_OpenNeuro/ds005050,40
PT030_OpenNeuro/ds006266,40
PT030_OpenNeuro/ds004786,40
PT030_OpenNeuro/ds002294,40
PT030_OpenNeuro/ds004091,40
PT030_OpenNeuro/ds000256,40
PT030_OpenNeuro/ds003554,40
PT030_OpenNeuro/ds004158,40
PT032_Tao_Wu,40
PT030_OpenNeuro/ds005883,39
PT030_OpenNeuro/ds005017,39
PT030_OpenNeuro/ds003085,39
PT030_OpenNeuro/ds005166,39
PT030_OpenNeuro/ds000212,39
PT030_OpenNeuro/ds000171,39
PT030_OpenNeuro/ds002872,39
PT030_OpenNeuro/ds000052,38
PT030_OpenNeuro/ds003550,38
PT030_OpenNeuro/ds004544,38
PT030_OpenNeuro/ds004631,38
PT030_OpenNeuro/ds003342,38
PT030_OpenNeuro/ds003095,38
PT030_OpenNeuro/ds001110,38
PT030_OpenNeuro/ds005479,37
PT030_OpenNeuro/ds002896,37
PT030_OpenNeuro/ds001761,37
PT030_OpenNeuro/ds001597,36
PT030_OpenNeuro/ds001233,36
PT030_OpenNeuro/ds001743,36
PT030_OpenNeuro/ds000109,36
PT030_OpenNeuro/ds000214,36
PT030_OpenNeuro/ds002738,36
PT030_OpenNeuro/ds000110,36
PT030_OpenNeuro/ds004134,36
PT030_OpenNeuro/ds001576,36
PT030_OpenNeuro/ds002316,36
PT030_OpenNeuro/ds003437,36
PT030_OpenNeuro/ds005126,35
PT030_OpenNeuro/ds000168,35
PT030_OpenNeuro/ds003721,35
PT030_OpenNeuro/ds005684,35
PT030_OpenNeuro/ds004081,35
PT030_OpenNeuro/ds005492,35
PT030_OpenNeuro/ds003521,35
PT030_OpenNeuro/ds005304,35
PT030_OpenNeuro/ds003358,35
PT030_OpenNeuro/ds001814,35
PT030_OpenNeuro/ds004731,35
PT030_OpenNeuro/ds001365,35
PT030_OpenNeuro/ds004498,35
PT030_OpenNeuro/ds005418,35
PT030_OpenNeuro/ds003401,35
PT030_OpenNeuro/ds002878,35
PT030_OpenNeuro/ds003176,34
PT030_OpenNeuro/ds001551,34
PT030_OpenNeuro/ds003542,34
PT030_OpenNeuro/ds000002,34
PT030_OpenNeuro/ds004529,34
PT030_OpenNeuro/ds000108,34
PT030_OpenNeuro/ds001715,34
PT030_OpenNeuro/ds005125,34
PT030_OpenNeuro/ds003146,33
PT030_OpenNeuro/ds004009,33
PT030_OpenNeuro/ds002169,33
PT030_OpenNeuro/ds000140,33
PT030_OpenNeuro/ds003768,33
PT030_OpenNeuro/ds004286,32
PT030_OpenNeuro/ds003548,32
PT030_OpenNeuro/ds001847,32
PT030_OpenNeuro/ds004128,32
PT030_OpenNeuro/ds001607,32
PT030_OpenNeuro/ds000001,32
PT030_OpenNeuro/ds000005,32
PT030_OpenNeuro/ds005573,32
PT030_OpenNeuro/ds004323,32
PT030_OpenNeuro/ds002675,32
PT030_OpenNeuro/ds004815,32
PT030_OpenNeuro/ds003772,32
PT030_OpenNeuro/ds003540,32
PT030_OpenNeuro/ds002879,32
PT030_OpenNeuro/ds004393,32
PT030_OpenNeuro/ds004470,32
PT030_OpenNeuro/ds003789,32
PT030_OpenNeuro/ds001762,31
PT001_ClevelandCCF,31
PT030_OpenNeuro/ds001614,31
PT030_OpenNeuro/ds000210,31
PT030_OpenNeuro/ds001510,31
PT030_OpenNeuro/ds005920,31
PT030_OpenNeuro/ds001553,31
PT030_OpenNeuro/ds002241,31
PT030_OpenNeuro/ds004038,31
PT030_OpenNeuro/ds005075,31
PT030_OpenNeuro/ds003096,31
PT030_OpenNeuro/ds002006,30
PT030_OpenNeuro/ds004496,30
PT030_OpenNeuro/ds000157,30
PT030_OpenNeuro/ds003696,30
PT030_OpenNeuro/ds004475,30
PT030_OpenNeuro/ds002732,30
PT030_OpenNeuro/ds005279,30
PT030_OpenNeuro/ds002938,30
PT030_OpenNeuro/ds001344,30
PT030_OpenNeuro/ds004928,30
PT030_OpenNeuro/ds002741,30
PT030_OpenNeuro/ds004892,30
PT030_OpenNeuro/ds004488,30
PT030_OpenNeuro/ds001545,30
PT030_OpenNeuro/ds003661,30
PT030_OpenNeuro/ds003103,30
PT030_OpenNeuro/ds004829,30
PT030_OpenNeuro/ds002711,30
PT030_OpenNeuro/ds004656,30
PT030_OpenNeuro/ds005810,30
PT030_OpenNeuro/ds004331,29
PT030_OpenNeuro/ds004489,29
PT030_OpenNeuro/ds004109,29
PT030_OpenNeuro/ds001353,29
PT030_OpenNeuro/ds003606,29
PT030_OpenNeuro/ds002547,29
PT030_OpenNeuro/ds002411,29
PT030_OpenNeuro/ds004909,29
PT030_OpenNeuro/ds003012,29
PT030_OpenNeuro/ds004693,29
PT030_OpenNeuro/ds002841,29
PT030_OpenNeuro/ds002726,29
PT030_OpenNeuro/ds002793,28
PT030_OpenNeuro/ds001339,28
PT030_OpenNeuro/ds005371,28
PT030_OpenNeuro/ds004226,28
PT030_OpenNeuro/ds006181,28
PT030_OpenNeuro/ds004775,28
PT030_OpenNeuro/ds004654,28
PT030_OpenNeuro/ds000008,28
PT030_OpenNeuro/ds003192,28
PT030_OpenNeuro/ds000011,28
PT030_OpenNeuro/ds000121,28
PT030_OpenNeuro/ds000164,28
PT030_OpenNeuro/ds004814,27
PT030_OpenNeuro/ds004592,27
PT030_OpenNeuro/ds004869,27
PT030_OpenNeuro/ds005139,27
PT030_OpenNeuro/ds002898,27
PT030_OpenNeuro/ds003673,27
PT030_OpenNeuro/ds001229,27
PT030_OpenNeuro/ds004192,27
PT030_OpenNeuro/ds000003,26
PT030_OpenNeuro/ds000249,26
PT030_OpenNeuro/ds002776,26
PT030_OpenNeuro/ds002835,26
PT030_OpenNeuro/ds000120,26
PT030_OpenNeuro/ds000213,26
PT030_OpenNeuro/ds005345,26
PT030_OpenNeuro/ds002322,26
PT030_OpenNeuro/ds006444,26
PT030_OpenNeuro/ds000203,26
PT030_OpenNeuro/ds000102,26
PT030_OpenNeuro/ds003083,26
PT030_OpenNeuro/ds004783,26
PT030_OpenNeuro/ds003452,26
PT030_OpenNeuro/ds000172,25
PT030_OpenNeuro/ds005329,25
PT030_OpenNeuro/ds003569,25
PT030_OpenNeuro/ds002041,25
PT030_OpenNeuro/ds005894,25
PT030_OpenNeuro/ds004505,25
PT030_OpenNeuro/ds005704,25
PT030_OpenNeuro/ds004400,25
PT030_OpenNeuro/ds003017,25
PT030_OpenNeuro/ds005056,25
PT030_OpenNeuro/ds003136,25
PT030_OpenNeuro/ds003425,25
PT030_OpenNeuro/ds004007,25
PT030_OpenNeuro/ds006211,25
PT030_OpenNeuro/ds002278,25
PT030_OpenNeuro/ds002739,25
PT030_OpenNeuro/ds001775,24
PT030_OpenNeuro/ds005581,24
PT030_OpenNeuro/ds004698,24
PT030_OpenNeuro/ds001745,24
PT030_OpenNeuro/ds005980,24
PT030_OpenNeuro/ds004808,24
PT030_OpenNeuro/ds001145,24
PT030_OpenNeuro/ds001840,24
PT030_OpenNeuro/ds006267,24
PT030_OpenNeuro/ds003835,24
PT030_OpenNeuro/ds005468,24
PT030_OpenNeuro/ds003487,24
PT030_OpenNeuro/ds000233,24
PT030_OpenNeuro/ds001241,24
PT030_OpenNeuro/ds002995,24
PT030_OpenNeuro/ds001612,24
PT030_OpenNeuro/ds002367,24
PT030_OpenNeuro/ds002687,24
PT030_OpenNeuro/ds002727,23
PT030_OpenNeuro/ds001554,23
PT030_OpenNeuro/ds005882,23
PT030_OpenNeuro/ds001302,23
PT030_OpenNeuro/ds001228,23
PT030_OpenNeuro/ds003454,23
PT030_OpenNeuro/ds002734,22
PT030_OpenNeuro/ds001338,22
PT030_OpenNeuro/ds002011,22
PT030_OpenNeuro/ds002797,22
PT030_OpenNeuro/ds004482,22
PT030_OpenNeuro/ds002363,22
PT030_OpenNeuro/ds002842,22
PT030_OpenNeuro/ds002550,22
PT030_OpenNeuro/ds006334,22
PT030_OpenNeuro/ds003216,22
PT030_OpenNeuro/ds005884,22
PT030_OpenNeuro/ds002311,21
PT030_OpenNeuro/ds001232,21
PT030_OpenNeuro/ds001608,21
PT030_OpenNeuro/ds002725,21
PT030_OpenNeuro/ds005267,21
PT030_OpenNeuro/ds001883,21
PT030_OpenNeuro/ds000219,21
PT030_OpenNeuro/ds001415,21
PT030_OpenNeuro/ds003507,21
PT030_OpenNeuro/ds002000,21
PT030_OpenNeuro/ds000101,21
PT030_OpenNeuro/ds002814,21
PT030_OpenNeuro/ds003338,20
PT030_OpenNeuro/ds004542,20
PT030_OpenNeuro/ds004219,20
PT030_OpenNeuro/ds005169,20
PT030_OpenNeuro/ds004065,20
PT030_OpenNeuro/ds005063,20
PT030_OpenNeuro/ds005165,20
PT030_OpenNeuro/ds004042,20
PT030_OpenNeuro/ds005880,20
PT030_OpenNeuro/ds005203,20
PT030_OpenNeuro/ds003470,20
PT030_OpenNeuro/ds002250,20
PT030_OpenNeuro/ds001491,20
PT030_OpenNeuro/ds002155,20
PT030_OpenNeuro/ds000253,20
PT030_OpenNeuro/ds006179,20
PT030_OpenNeuro/ds001751,20
PT030_OpenNeuro/ds004312,20
PT030_OpenNeuro/ds001882,20
PT030_OpenNeuro/ds002149,20
PT030_OpenNeuro/ds006005,20
PT030_OpenNeuro/ds003340,20
PT030_OpenNeuro/ds004484,20
PT030_OpenNeuro/ds003089,20
PT030_OpenNeuro/ds004141,20
PT030_OpenNeuro/ds004594,20
PT030_OpenNeuro/ds002735,20
PT030_OpenNeuro/ds002606,20
PT030_OpenNeuro/ds001621,20
PT030_OpenNeuro/ds000223,19
PT030_OpenNeuro/ds004590,19
PT030_OpenNeuro/ds004787,19
PT030_OpenNeuro/ds006012,19
PT030_OpenNeuro/ds002158,19
PT030_OpenNeuro/ds001299,19
PT030_OpenNeuro/ds001634,19
PT030_OpenNeuro/ds002596,19
PT030_OpenNeuro/ds002270,19
PT030_OpenNeuro/ds002773,19
PT030_OpenNeuro/ds006185,19
PT030_OpenNeuro/ds004743,19
PT030_OpenNeuro/ds000218,19
PT030_OpenNeuro/ds004733,18
PT030_OpenNeuro/ds003990,18
PT030_OpenNeuro/ds004957,18
PT030_OpenNeuro/ds003433,18
PT030_OpenNeuro/ds004467,18
PT030_OpenNeuro/ds001439,18
PT030_OpenNeuro/ds000236,18
PT030_OpenNeuro/ds005530,18
PT030_OpenNeuro/ds003434,18
PT030_OpenNeuro/ds001357,18
PT030_OpenNeuro/ds004560,18
PT030_OpenNeuro/ds001722,18
PT030_OpenNeuro/ds002905,18
PT030_OpenNeuro/ds004710,17
PT030_OpenNeuro/ds000122,17
PT030_OpenNeuro/ds001525,17
PT030_OpenNeuro/ds004406,17
PT030_OpenNeuro/ds005250,17
PT030_OpenNeuro/ds001306,17
PT030_OpenNeuro/ds003553,17
PT030_OpenNeuro/ds003076,17
PT030_OpenNeuro/ds004230,17
PT030_OpenNeuro/ds002338,17
PT030_OpenNeuro/ds003574,17
PT030_OpenNeuro/ds004473,16
PT030_OpenNeuro/ds004443,16
PT030_OpenNeuro/ds003170,16
PT030_OpenNeuro/ds001832,16
PT030_OpenNeuro/ds005148,16
PT030_OpenNeuro/ds001132,16
PT030_OpenNeuro/ds004493,16
PT030_OpenNeuro/ds003094,16
PT030_OpenNeuro/ds001912,16
PT030_OpenNeuro/ds005783,16
PT030_OpenNeuro/ds005603,16
PT030_OpenNeuro/ds001635,16
PT030_OpenNeuro/ds000149,15
PT030_OpenNeuro/ds001547,15
PT030_OpenNeuro/ds005454,15
PT030_OpenNeuro/ds000170,15
PT030_OpenNeuro/ds003758,15
PT030_OpenNeuro/ds005009,15
PT030_OpenNeuro/ds004956,15
PT030_OpenNeuro/ds001921,15
PT030_OpenNeuro/ds004645,15
PT030_OpenNeuro/ds000229,15
PT030_OpenNeuro/ds003059,15
PT030_OpenNeuro/ds006401,14
PT030_OpenNeuro/ds003834,14
PT030_OpenNeuro/ds004194,14
PT030_OpenNeuro/ds001984,14
PT030_OpenNeuro/ds001923,14
PT030_OpenNeuro/ds002684,14
PT030_OpenNeuro/ds004835,14
PT030_OpenNeuro/ds001511,13
PT030_OpenNeuro/ds000200,13
PT030_OpenNeuro/ds000254,13
PT030_OpenNeuro/ds002672,13
PT030_OpenNeuro/ds003922,13
PT030_OpenNeuro/ds002076,13
PT030_OpenNeuro/ds000237,13
PT030_OpenNeuro/ds005415,13
PT030_OpenNeuro/ds003524,13
PT030_OpenNeuro/ds005118,12
PT030_OpenNeuro/ds005903,12
PT030_OpenNeuro/ds003858,12
PT030_OpenNeuro/ds005503,12
PT030_OpenNeuro/ds003078,12
PT030_OpenNeuro/ds006128,12
PT030_OpenNeuro/ds005355,12
PT030_OpenNeuro/ds001235,12
PT030_OpenNeuro/ds000241,12
PT030_OpenNeuro/ds001345,12
PT030_OpenNeuro/ds004301,11
PT030_OpenNeuro/ds003633,11
PT030_OpenNeuro/ds003392,11
PT030_OpenNeuro/ds000205,11
PT030_OpenNeuro/ds003993,11
PT030_OpenNeuro/ds004715,11
PT030_OpenNeuro/ds004868,10
PT030_OpenNeuro/ds002001,10
PT030_OpenNeuro/ds004271,10
PT030_OpenNeuro/ds002237,10
PT030_OpenNeuro/ds005737,10
PT030_OpenNeuro/ds005085,10
PT030_OpenNeuro/ds001497,10
PT030_OpenNeuro/ds004866,10
PT030_OpenNeuro/ds004142,10
PT030_OpenNeuro/ds001784,10
PT030_OpenNeuro/ds002336,10
PT030_OpenNeuro/ds003484,10
PT030_OpenNeuro/ds001705,10
PT030_OpenNeuro/ds004730,10
PT030_OpenNeuro/ds003354,10
PT030_OpenNeuro/ds003020,9
PT030_OpenNeuro/ds005574,9
PT030_OpenNeuro/ds000231,9
PT030_OpenNeuro/ds004101,9
PT030_OpenNeuro/ds004662,8
PT030_OpenNeuro/ds003770,8
PT030_OpenNeuro/ds001178,8
PT030_OpenNeuro/ds001399,8
PT030_OpenNeuro/ds005194,8
PT030_OpenNeuro/ds002715,8
PT030_OpenNeuro/ds001978,8
PT030_OpenNeuro/ds003972,8
PT030_OpenNeuro/ds002156,8
PT030_OpenNeuro/ds004107,8
PT030_OpenNeuro/ds005134,8
PT030_OpenNeuro/ds000216,7
PT030_OpenNeuro/ds005619,7
PT030_OpenNeuro/ds003927,7
PT030_OpenNeuro/ds002207,7
PT030_OpenNeuro/ds001652,7
PT030_OpenNeuro/ds002232,6
PT030_OpenNeuro/ds002306,6
PT030_OpenNeuro/ds005531,6
PT030_OpenNeuro/ds000255,6
PT030_OpenNeuro/ds001839,6
PT030_OpenNeuro/ds006033,6
PT030_OpenNeuro/ds000105,6
PT030_OpenNeuro/ds004478,6
PT030_OpenNeuro/ds004213,6
PT030_OpenNeuro/ds005597,6
PT030_OpenNeuro/ds004539,6
PT030_OpenNeuro/ds003752,6
PT030_OpenNeuro/ds005047,5
PT030_OpenNeuro/ds000234,5
PT030_OpenNeuro/ds003720,5
PT030_OpenNeuro/ds003848,5
PT030_OpenNeuro/ds006206,5
PT030_OpenNeuro/ds000247,5
PT030_OpenNeuro/ds002848,5
PT030_OpenNeuro/ds006035,5
PT030_OpenNeuro/ds004720,4
PT030_OpenNeuro/ds002549,4
PT030_OpenNeuro/ds004283,4
PT030_OpenNeuro/ds002574,4
PT030_OpenNeuro/ds003777,4
PT030_OpenNeuro/ds005699,4
PT030_OpenNeuro/ds004196,4
PT030_OpenNeuro/ds002013,4
PT030_OpenNeuro/ds004993,4
PT030_OpenNeuro/ds006193,4
PT030_OpenNeuro/ds005239,4
PT030_OpenNeuro/ds001595,4
PT030_OpenNeuro/ds001420,4
PT030_OpenNeuro/ds000235,4
PT030_OpenNeuro/ds004212,4
PT030_OpenNeuro/ds004945,3
PT030_OpenNeuro/ds002750,3
PT030_OpenNeuro/ds001419,3
PT030_OpenNeuro/ds002936,3
PT030_OpenNeuro/ds004666,3
PT030_OpenNeuro/ds001021,3
PT030_OpenNeuro/ds000114,3
PT030_OpenNeuro/ds004650,3
PT030_OpenNeuro/ds004450,3
PT030_OpenNeuro/ds002743,3
PT030_OpenNeuro/ds003659,3
PT030_OpenNeuro/ds003043,3
PT030_OpenNeuro/ds006209,3
PT030_OpenNeuro/ds004564,2
PT030_OpenNeuro/ds004280,2
PT030_OpenNeuro/ds000248,2
PT030_OpenNeuro/ds000204,2
PT030_OpenNeuro/ds002578,2
PT030_OpenNeuro/ds005365,2
PT030_OpenNeuro/ds003441,2
PT030_OpenNeuro/ds002737,2
PT030_OpenNeuro/ds001421,2
PT030_OpenNeuro/ds002328,1
PT030_OpenNeuro/ds005412,1
PT030_OpenNeuro/ds004458,1
PT030_OpenNeuro/ds003446,1
PT030_OpenNeuro/ds005069,1
PT030_OpenNeuro/ds002293,1
PT030_OpenNeuro/ds003098,1
PT030_OpenNeuro/ds001379,1
PT030_OpenNeuro/ds001037,1
PT030_OpenNeuro/ds003716,1
PT030_OpenNeuro/ds001563,1
PT030_OpenNeuro/ds002614,1
PT030_OpenNeuro/ds003104,1
PT030_OpenNeuro/ds001728,1
PT030_OpenNeuro/ds003445,1
PT030_OpenNeuro/ds003440,1
PT030_OpenNeuro/ds003444,1
PT030_OpenNeuro/ds003082,1
PT030_OpenNeuro/ds003965,1
PT030_OpenNeuro/ds003438,1
PT030_OpenNeuro/ds005625,1
PT030_OpenNeuro/ds004346,1
PT030_OpenNeuro/ds001780,1
PT030_OpenNeuro/ds003439,1
PT030_OpenNeuro/ds002979,1
PT030_OpenNeuro/ds003455,1
PT030_OpenNeuro/ds003442,1
PT030_OpenNeuro/ds002733,1
PT030_OpenNeuro/ds005072,1
PT030_OpenNeuro/ds003443,1
PT030_OpenNeuro/ds001600,1
PT030_OpenNeuro/ds004401,1
PT030_OpenNeuro/ds004776,1
PT030_OpenNeuro/ds002040,1
PT030_OpenNeuro/ds002153,1
PT030_OpenNeuro/ds004131,1
PT030_OpenNeuro/ds004129,1
PT030_OpenNeuro/ds002014,1
PT030_OpenNeuro/ds001566,1
PT030_OpenNeuro/ds000246,1
PT030_OpenNeuro/ds003900,1
PT030_OpenNeuro/ds004130,1
PT030_OpenNeuro/ds003714,1
