shape,count
144x168x111,32535
176x256x256,28420
240x240x155,13498
104x104x72,9346
122x122x68,8613
112x112x60,6760
192x256x256,6328
224x320x320,6033
160x256x256,5651
128x256x256,5342
256x288x48,5280
106x90x64,4790
256x320x320,4264
200x200x132,3954
110x110x66,3745
192x300x320,3305
128x124x60,2895
128x128x50,2759
140x140x80,2528
100x132x84,2444
192x256x44,2352
208x256x256,2314
256x256x18,2302
144x192x192,2250
176x240x256,2117
256x256x256,1907
208x300x320,1755
256x256x32,1740
96x96x72,1727
112x112x54,1668
768x60x768,1663
320x320x32,1581
272x320x32,1424
128x128x24,1406
174x192x60,1372
512x512x32,1303
176x224x256,1196
136x136x84,1172
120x120x75,1149
128x128x57,1121
120x120x70,1110
140x140x81,1066
128x128x62,1043
280x320x48,1020
512x512x30,1015
256x256x35,1012
256x256x130,992
120x120x68,960
336x336x192,945
512x512x31,940
128x128x70,920
96x96x40,912
128x128x64,900
128x128x80,892
512x512x64,885
96x96x60,883
240x256x256,859
256x256x160,853
128x128x72,848
74x74x42,816
240x240x220,787
512x512x34,754
128x112x74,746
80x80x27,743
224x224x26,730
256x256x26,727
114x114x38,726
82x82x45,718
128x128x75,706
512x512x35,704
512x512x33,695
174x192x53,686
320x320x35,685
256x256x124,683
192x256x160,682
512x512x48,679
172x256x256,673
160x160x96,670
128x128x60,666
256x256x112,651
160x240x256,651
120x120x69,648
256x256x54,646
204x256x256,621
224x256x256,612
128x128x25,606
256x256x72,603
256x256x30,602
256x256x28,594
240x320x320,590
208x320x320,583
256x256x60,571
512x512x210,556
200x512x512,550
224x224x25,550
150x256x256,532
640x640x35,529
512x512x100,500
640x640x32,495
512x512x24,492
180x240x240,491
128x128x44,480
128x128x68,480
512x512x25,476
108x108x70,468
370x528x528,459
128x128x88,456
128x128x49,454
256x320x32,449
208x240x256,441
320x320x30,440
260x320x35,432
128x128x56,432
234x320x320,420
256x256x42,415
150x150x94,404
112x112x50,403
170x256x256,400
256x256x76,399
118x118x81,392
112x112x35,392
96x96x57,392
224x256x22,390
144x144x78,375
224x224x176,372
176x248x256,370
256x256x50,365
186x256x256,363
150x152x81,356
140x140x93,350
240x240x256,347
232x256x208,346
192x512x512,343
448x512x24,341
128x128x30,338
300x320x44,338
90x90x50,336
208x256x176,336
192x240x256,335
256x256x55,335
64x64x22,332
112x112x30,331
256x256x34,331
44x144x192,330
464x512x32,329
118x118x78,320
256x256x44,318
320x320x34,311
512x512x28,311
256x256x88,309
110x110x68,306
184x256x256,291
320x320x33,291
384x176x384,290
88x128x128,288
256x256x25,286
512x65x512,286
256x256x176,285
256x256x33,284
256x256x24,279
216x256x30,278
216x256x32,277
512x512x26,274
128x128x69,271
140x140x92,270
128x128x93,264
224x300x320,259
512x512x36,258
288x288x26,258
160x192x192,255
256x170x256,250
432x512x32,248
176x512x512,244
175x288x288,243
272x320x35,240
64x64x15,238
128x128x40,236
192x224x224,236
256x256x100,233
256x256x186,229
640x640x30,226
512x512x226,226
432x512x30,225
256x256x220,223
196x256x256,222
256x256x36,217
272x320x34,214
256x256x29,213
260x320x128,212
408x512x32,211
256x256x96,210
640x640x31,208
128x128x66,207
144x256x256,206
232x256x176,206
256x144x256,206
384x512x60,206
110x110x64,202
384x54x384,201
512x512x23,201
192x192x192,199
384x512x28,198
256x256x22,196
256x256x170,195
640x640x33,193
174x192x192,192
224x342x342,192
128x128x45,192
96x96x63,190
256x32x256,190
240x320x22,188
90x90x62,187
256x220x256,186
130x130x60,184
122x122x76,184
96x96x50,183
432x512x33,182
370x512x512,181
256x256x80,178
176x288x256,178
224x224x208,175
256x30x256,174
181x256x256,174
180x512x512,171
640x640x34,170
144x144x60,169
336x221x336,168
192x256x22,162
512x512x22,162
175x256x256,161
88x256x256,159
520x640x35,159
96x96x48,159
312x384x128,159
224x288x288,159
256x256x27,156
204x256x32,155
256x256x136,154
128x128x34,151
408x512x33,148
208x224x224,147
170x240x240,147
180x256x256,145
384x384x24,143
80x80x44,143
216x512x512,141
96x96x38,140
240x240x24,138
112x112x72,137
176x192x192,137
256x256x166,137
104x104x60,136
166x256x256,136
240x240x26,136
408x512x28,135
1024x60x1024,134
504x512x30,134
112x112x64,134
192x256x21,132
464x512x33,131
256x256x104,126
208x298x320,126
256x256x31,126
504x512x32,125
208x256x35,125
384x384x26,124
288x288x181,123
216x256x33,123
224x224x150,122
408x512x30,122
96x96x56,120
256x256x150,120
192x192x51,120
256x256x192,120
128x124x49,118
512x512x27,116
176x240x240,116
208x256x160,114
64x64x32,114
225x288x288,114
272x320x33,113
256x256x162,112
408x512x31,111
128x128x38,111
432x512x34,109
160x224x256,109
256x256x47,109
96x96x55,104
128x128x78,102
512x512x38,100
288x288x48,100
128x128x35,100
112x112x56,100
768x55x768,100
256x256x120,98
320x320x31,98
340x448x448,98
216x256x34,97
512x512x192,95
336x384x28,95
384x512x24,95
384x24x384,93
256x256x53,93
348x576x576,93
256x200x256,93
408x512x35,93
181x217x181,92
480x512x24,91
186x186x126,90
464x512x30,90
448x512x28,89
170x288x288,89
432x512x35,88
202x256x256,88
292x512x512,87
256x320x35,86
91x109x91,85
88x88x64,84
192x288x288,84
768x768x130,84
256x240x256,83
240x320x32,83
88x112x26,82
160x288x288,80
768x768x35,79
408x512x34,79
288x208x288,78
310x448x448,78
432x512x31,78
288x288x144,77
216x256x35,77
576x640x35,76
220x256x256,76
288x288x208,75
424x512x28,75
384x60x384,74
200x256x256,74
464x512x34,74
146x256x256,74
208x256x30,73
140x140x100,72
288x288x46,72
184x320x320,72
512x512x21,72
1024x1024x92,72
240x240x180,71
256x256x62,71
176x208x256,70
160x216x216,70
384x30x384,69
192x448x512,69
35x420x448,69
1024x220x1024,68
374x576x576,68
256x320x34,68
416x512x35,67
512x512x140,66
106x106x72,66
464x512x35,66
256x256x156,65
256x256x23,65
512x512x40,65
416x512x32,65
512x19x512,65
112x112x48,64
512x512x45,64
120x384x384,64
224x224x27,64
320x320x36,63
640x640x36,63
160x224x224,63
64x57x16,63
35x784x784,63
176x224x224,63
504x512x34,63
512x112x512,62
320x320x60,62
448x512x160,62
110x110x74,62
104x104x66,60
160x208x256,60
190x200x150,60
256x256x122,59
448x512x32,59
464x512x31,59
256x256x58,58
104x104x58,58
106x106x64,58
232x256x32,58
193x256x256,58
180x384x384,58
256x362x384,57
175x256x170,57
512x35x512,56
448x512x30,55
208x256x170,55
128x128x33,55
512x45x512,55
448x38x448,55
164x256x256,55
256x320x33,55
348x1008x1008,54
288x288x24,54
188x256x256,53
256x384x384,53
384x512x22,53
512x512x29,53
432x432x26,52
312x384x35,52
256x256x48,52
191x288x288,51
384x512x44,51
240x320x24,51
240x224x224,50
160x480x512,49
256x256x52,49
504x512x33,49
408x35x512,49
204x256x30,48
272x320x30,48
256x256x75,48
384x384x48,48
384x384x25,46
30x320x320,46
432x28x432,46
288x320x24,46
242x192x368,45
512x640x33,45
256x28x256,45
112x112x57,45
320x320x26,45
512x20x512,45
320x320x24,44
408x33x512,44
100x100x70,44
576x640x33,44
288x288x25,44
260x311x260,43
512x640x32,43
156x62x192,43
240x280x320,43
400x28x400,43
192x250x250,42
192x192x18,42
440x512x24,42
106x106x69,42
140x240x240,42
256x182x256,42
256x256x165,42
256x256x92,41
360x512x512,41
272x320x31,41
224x330x330,40
250x250x250,40
208x256x32,40
64x64x23,40
290x320x268,40
350x448x144,40
272x320x36,40
208x288x288,39
448x41x448,39
120x320x320,39
128x128x79,38
256x256x68,38
198x256x22,38
140x224x224,38
144x224x256,38
152x256x256,38
256x128x320,38
224x224x24,38
128x104x75,38
384x512x176,37
512x512x336,37
220x512x512,37
208x312x320,37
224x256x176,37
480x480x26,37
256x256x332,37
120x160x96,36
152x512x512,36
112x112x65,36
130x132x25,36
768x768x32,36
512x640x640,36
512x28x512,35
448x512x34,35
224x224x28,34
448x512x192,34
768x768x60,34
96x96x77,34
512x512x39,33
256x256x20,33
256x256x148,33
224x256x35,33
512x640x31,33
25x512x512,33
260x320x32,33
896x896x35,33
352x448x160,33
320x320x37,32
192x224x256,32
256x166x256,32
192x232x256,32
340x480x480,32
243x352x352,32
232x256x35,32
512x42x512,31
176x280x288,31
352x352x256,31
256x320x30,31
17x512x512,31
512x512x160,31
544x640x32,30
652x768x168,30
384x512x32,30
448x31x448,30
208x256x208,30
520x640x32,30
320x448x448,30
544x640x33,30
250x256x256,30
260x320x26,29
416x30x512,29
512x640x34,29
512x640x35,29
240x320x23,29
384x512x90,29
256x256x40,29
192x320x320,29
256x256x146,29
164x212x212,28
448x512x26,28
384x512x26,28
512x512x176,28
224x304x288,28
104x104x56,28
100x100x58,28
576x640x32,27
408x512x36,27
256x224x256,27
64x64x21,27
236x256x256,27
448x512x35,27
448x44x448,27
175x288x191,26
256x256x19,26
512x512x37,26
219x400x400,26
288x320x32,26
512x30x512,26
248x320x22,26
313x320x320,26
400x30x400,25
280x300x300,25
256x256x37,25
256x160x256,25
256x256x172,25
124x256x256,25
240x240x27,25
256x320x22,25
256x296x296,25
480x640x30,24
384x384x52,24
192x256x35,24
448x512x33,24
768x50x768,24
192x280x320,24
384x512x30,24
274x384x384,24
544x640x30,24
512x512x208,24
512x512x500,24
144x144x70,24
311x384x384,23
504x512x35,23
432x512x36,23
240x240x70,23
128x66x128,23
218x256x32,23
211x256x256,23
1024x170x1024,23
256x256x21,23
216x256x36,23
240x240x25,22
204x256x35,22
96x96x68,22
240x320x25,22
256x256x250,22
192x256x30,22
192x256x26,22
18x512x512,22
288x288x28,22
190x256x256,22
448x512x31,21
192x216x256,21
176x256x169,21
256x256x64,21
1024x1024x45,21
544x640x31,21
512x15x512,21
192x256x176,21
176x220x220,21
204x256x33,21
112x112x80,21
256x276x256,20
128x192x256,20
320x320x28,20
128x128x74,20
35x300x320,20
224x164x224,20
220x160x256,20
43x290x320,19
256x256x128,19
512x512x284,19
160x512x512,19
150x288x288,19
176x204x256,19
512x512x112,19
350x480x480,19
232x256x30,19
192x448x340,19
432x512x24,18
256x256x38,18
216x256x31,18
544x544x30,18
288x288x150,18
540x640x35,18
320x320x38,18
544x640x36,18
192x256x32,18
512x640x30,18
176x216x256,18
504x640x32,17
288x320x35,17
320x320x23,17
256x256x106,17
256x29x256,17
240x240x150,17
384x384x27,17
128x128x26,17
464x512x36,17
512x512x20,17
240x320x34,17
212x256x26,17
200x432x432,16
576x640x30,16
480x480x36,16
256x196x256,16
204x256x22,16
624x768x35,16
256x256x51,16
576x640x34,16
212x256x256,16
240x240x28,16
208x256x34,16
256x256x152,16
192x220x220,16
1024x180x1024,16
96x96x42,16
256x256x116,16
384x384x28,16
288x320x33,15
512x640x36,15
90x90x74,15
18x256x256,15
350x448x160,15
448x512x22,15
192x255x233,15
224x176x224,15
256x320x36,15
400x512x32,15
640x640x38,15
256x320x31,14
168x168x56,14
288x288x27,14
17x256x256,14
256x180x256,14
272x320x37,14
330x480x480,14
336x384x30,14
232x256x34,14
448x512x25,14
480x480x24,14
432x30x432,14
168x168x114,14
408x512x29,14
416x512x30,14
576x640x31,14
192x248x256,13
48x128x128,13
256x256x46,13
512x512x42,13
256x320x25,13
224x320x32,13
416x512x33,13
256x116x256,13
256x216x256,13
300x320x30,13
64x64x33,13
256x208x256,13
290x320x32,13
180x288x288,13
160x320x320,13
272x320x28,13
288x320x30,13
208x256x33,13
29x512x512,13
424x512x30,13
212x256x32,13
248x320x32,12
306x384x160,12
176x252x224,12
512x512x114,12
540x640x33,12
260x448x448,12
448x512x176,12
360x480x480,12
336x336x114,12
112x112x58,12
204x256x34,12
128x128x54,12
130x130x81,12
313x352x352,12
392x512x28,12
448x448x34,12
504x512x31,12
224x272x272,12
400x32x400,12
560x560x24,12
232x256x33,12
200x256x32,12
156x192x192,12
192x256x24,12
256x31x256,12
270x448x448,12
244x320x32,12
230x432x432,12
544x640x34,12
27x512x512,11
29x320x320,11
176x232x256,11
230x256x24,11
256x256x70,11
416x512x160,11
336x336x120,11
22x256x256,11
416x512x34,11
256x212x256,11
301x448x448,11
256x252x256,11
432x432x25,11
384x512x35,11
192x256x23,11
260x320x34,11
544x544x28,11
336x336x122,11
580x640x35,11
32x512x512,10
768x768x33,10
416x512x176,10
256x256x224,10
384x512x42,10
360x512x32,10
384x512x160,10
256x256x126,10
512x512x81,10
416x29x512,10
96x96x62,10
250x320x26,10
140x140x84,10
20x256x256,10
224x224x164,10
165x288x288,10
336x336x26,10
504x512x36,10
224x272x288,10
648x768x35,10
768x768x28,10
432x432x24,10
182x256x256,10
512x18x512,10
256x27x256,10
128x224x256,10
256x320x24,10
512x21x512,10
320x320x25,10
162x216x26,10
344x344x127,10
320x320x40,10
130x256x256,10
256x220x160,10
204x256x31,10
256x256x91,10
182x218x182,10
224x320x34,10
320x320x27,10
240x320x30,10
480x640x163,10
240x240x22,10
240x192x368,9
256x256x121,9
544x640x38,9
370x560x560,9
280x320x32,9
340x512x512,9
256x240x160,9
165x256x256,9
512x512x46,9
288x30x288,9
232x256x192,9
192x256x80,9
384x384x30,9
336x336x112,9
256x156x256,9
288x320x34,9
480x480x25,9
720x896x160,9
250x320x320,9
240x320x27,9
256x256x118,9
30x384x384,9
384x512x34,9
176x254x200,9
256x228x256,9
448x512x29,9
576x640x36,9
576x576x36,8
480x512x26,8
416x512x26,8
280x448x448,8
540x640x32,8
480x480x27,8
432x432x28,8
696x768x200,8
288x320x320,8
176x255x200,8
252x320x32,8
176x300x320,8
96x96x64,8
232x256x31,8
24x512x512,8
416x512x31,8
1024x200x1024,8
348x560x560,8
321x240x240,8
160x160x30,8
190x512x512,8
256x256x164,8
350x528x528,8
640x640x28,8
384x512x36,8
128x128x29,8
37x420x448,8
164x40x164,8
400x512x35,8
256x320x26,8
240x240x35,8
232x256x160,8
640x880x880,8
256x352x352,8
260x320x30,8
216x256x38,8
336x384x29,7
306x384x28,7
768x768x34,7
22x808x640,7
264x320x32,7
256x372x384,7
240x320x26,7
224x256x212,7
408x512x37,7
140x256x256,7
15x512x512,7
246x512x512,7
256x256x320,7
238x320x320,7
500x640x35,7
290x320x35,7
624x768x32,7
640x640x37,7
644x640x23,7
400x512x28,7
240x320x36,7
384x512x31,7
256x256x144,7
336x336x118,7
256x33x256,7
512x26x512,7
256x224x22,7
32x256x256,7
192x256x170,7
202x256x22,7
144x240x256,7
260x320x33,7
384x512x29,7
304x336x336,7
228x256x30,7
560x560x26,7
512x512x41,7
200x256x30,7
512x512x152,7
384x512x23,7
29x256x256,7
256x35x256,7
256x256x140,7
384x512x25,7
400x512x30,7
648x768x33,7
19x256x256,7
256x21x256,6
352x448x448,6
512x37x512,6
224x256x32,6
288x309x98,6
512x437x150,6
256x24x256,6
432x512x26,6
696x768x35,6
288x320x26,6
318x384x28,6
644x640x22,6
320x512x512,6
25x256x256,6
320x320x29,6
256x26x256,6
504x512x39,6
512x512x149,6
272x320x38,6
192x192x25,6
1024x181x1024,6
448x448x33,6
320x384x384,6
416x26x512,6
472x640x32,6
378x448x43,6
560x640x35,6
360x512x34,6
1024x16x1024,6
224x300x300,6
248x320x24,6
224x224x30,6
336x336x86,6
164x224x224,6
96x96x52,6
300x400x400,6
512x512x256,6
256x256x114,6
256x204x256,6
256x256x16,6
300x320x34,6
160x238x200,6
1024x54x1024,6
200x320x320,6
200x256x35,6
192x208x256,6
432x201x432,6
180x320x320,6
364x512x512,6
224x256x30,6
512x22x512,6
504x512x37,6
327x640x640,6
128x128x48,6
436x512x24,6
336x336x92,6
336x336x116,6
424x512x32,6
290x320x24,6
280x320x35,6
424x512x31,6
200x528x528,6
256x236x256,6
256x320x23,5
432x200x432,5
548x544x23,5
20x512x512,5
200x560x560,5
252x256x32,5
31x336x336,5
512x512x18,5
560x640x31,5
408x512x38,5
256x312x384,5
432x29x432,5
37x300x320,5
40x420x448,5
1024x59x1024,5
272x320x40,5
190x320x320,5
208x232x240,5
256x256x90,5
440x512x35,5
480x640x32,5
212x256x22,5
288x384x384,5
536x640x32,5
416x496x496,5
208x256x31,5
176x200x256,5
188x256x32,5
252x256x30,5
480x512x33,5
340x640x640,5
256x224x140,5
736x768x26,5
240x320x21,5
256x256x180,5
272x320x16,5
256x232x256,5
272x320x24,5
30x512x512,5
288x320x36,5
320x320x16,5
82x82x46,5
39x300x320,5
400x512x27,5
216x256x208,5
45x300x320,5
26x512x512,5
416x512x24,5
288x352x352,5
544x640x35,5
216x256x21,5
512x512x292,5
176x184x200,5
240x320x33,5
700x896x160,5
580x640x32,5
248x320x25,5
1024x190x1024,5
204x256x36,5
320x480x480,5
208x256x23,5
640x640x45,5
260x320x28,5
144x512x512,5
110x110x72,5
290x320x34,5
300x320x52,5
416x512x22,5
252x320x44,5
232x256x36,4
512x512x87,4
374x640x640,4
370x480x480,4
448x448x32,4
248x512x512,4
176x216x168,4
310x512x512,4
175x208x166,4
364x448x32,4
90x90x70,4
273x329x42,4
1024x175x1024,4
296x512x512,4
116x116x69,4
128x112x49,4
40x300x320,4
300x320x32,4
96x96x24,4
90x90x66,4
352x448x128,4
300x384x28,4
192x256x73,4
294x384x28,4
276x320x35,4
256x256x17,4
171x224x256,4
504x512x38,4
256x256x134,4
512x512x90,4
400x31x400,4
380x380x72,4
512x512x280,4
576x576x30,4
176x212x199,4
22x512x512,4
360x576x576,4
384x201x384,4
176x219x182,4
39x420x448,4
432x432x27,4
272x320x27,4
135x256x256,4
154x154x30,4
112x112x70,4
340x528x528,4
512x512x116,4
256x22x256,4
280x320x30,4
106x90x56,4
448x448x320,4
170x218x191,4
176x213x185,4
384x512x40,4
24x256x256,4
480x512x22,4
240x306x300,4
208x256x128,4
256x222x256,4
164x203x163,4
162x232x187,4
170x224x256,4
480x480x28,4
172x224x256,4
288x384x22,4
800x800x30,4
320x320x22,4
192x255x230,4
512x512x44,4
176x217x161,4
176x220x182,4
448x640x32,4
176x288x288,4
336x384x32,4
512x512x168,4
512x768x768,4
182x300x320,4
320x320x224,4
240x30x240,4
192x244x233,4
480x512x28,4
30x288x288,4
384x384x32,4
256x256x174,4
696x693x168,4
256x320x37,4
140x128x80,4
260x320x24,4
176x197x200,4
512x512x120,4
512x512x106,4
400x27x400,4
171x288x288,4
256x256x154,4
256x256x39,4
512x512x17,4
512x512x296,4
256x256x56,4
696x693x162,4
204x320x320,4
350x512x512,4
374x672x672,4
175x240x240,4
464x512x21,4
256x224x176,4
512x512x43,4
272x320x29,4
176x211x200,4
432x512x29,4
464x512x38,4
256x256x208,4
265x448x448,4
488x512x33,4
374x560x560,4
184x240x240,4
191x256x256,4
260x320x40,4
512x512x91,4
16x256x256,4
260x320x38,4
160x240x240,4
23x256x256,4
256x256x61,4
243x288x288,4
512x512x70,4
19x512x512,4
240x320x28,4
224x224x23,4
260x320x37,4
640x640x24,4
432x512x38,4
195x320x320,4
336x336x25,4
220x320x48,4
360x512x35,4
288x448x448,4
300x384x32,4
288x320x31,4
176x264x256,4
374x480x480,4
300x448x448,4
196x256x22,4
552x640x33,4
512x512x186,4
512x512x320,4
520x640x34,4
447x538x38,4
224x256x33,4
576x640x38,4
220x320x44,4
440x512x26,4
188x256x30,4
31x512x512,4
365x560x560,3
128x240x256,3
512x31x512,3
512x512x15,3
74x74x40,3
896x896x31,3
370x576x576,3
480x640x35,3
168x208x181,3
320x320x87,3
288x288x111,3
232x256x256,3
256x208x208,3
176x212x167,3
158x256x256,3
320x221x320,3
448x512x208,3
210x512x512,3
520x640x31,3
100x100x24,3
173x224x256,3
276x320x32,3
260x512x512,3
256x208x192,3
1024x185x1024,3
448x448x28,3
1024x58x1024,3
256x98x256,3
256x150x256,3
256x158x256,3
240x512x512,3
21x512x512,3
220x320x22,3
256x256x84,3
72x104x104,3
256x226x256,3
176x221x200,3
336x30x336,3
384x160x384,3
400x400x26,3
192x254x233,3
192x249x233,3
400x29x400,3
512x32x512,3
512x27x512,3
384x512x100,3
240x320x35,3
208x270x224,3
256x256x83,3
79x98x69,3
176x200x200,3
312x384x256,3
512x512x85,3
560x560x28,3
350x576x576,3
41x300x320,3
176x223x200,3
456x512x33,3
176x220x200,3
256x234x256,3
35x768x768,3
26x480x480,3
512x512x97,3
400x512x22,3
320x31x320,3
219x384x384,3
29x528x528,3
460x512x35,3
364x448x35,3
16x512x512,3
512x437x144,3
512x512x360,3
370x640x640,3
1024x18x1024,3
512x100x512,3
250x320x35,3
208x512x512,3
400x512x33,3
272x320x21,3
580x640x33,3
256x320x28,3
312x384x30,3
88x88x50,3
432x512x28,3
192x256x28,3
320x320x43,3
504x640x33,3
386x448x24,3
314x384x27,3
208x256x24,3
252x320x22,3
163x182x163,3
360x512x33,3
392x512x30,3
127x160x160,3
165x177x146,3
480x512x30,3
408x512x22,3
300x320x33,3
220x256x32,3
166x190x200,3
160x211x200,3
320x320x39,3
696x618x168,3
262x320x27,3
208x256x37,3
464x512x37,3
160x195x200,3
544x544x32,3
160x255x200,3
160x192x200,3
488x512x32,3
696x768x32,3
370x672x672,3
520x640x33,3
352x352x26,3
270x320x30,3
320x320x19,3
160x218x200,3
512x29x512,3
155x256x256,3
272x512x512,3
424x512x29,3
216x256x28,3
224x256x28,3
192x255x188,3
272x320x22,3
288x288x30,3
480x28x480,3
114x256x256,3
260x320x31,3
161x201x200,3
512x512x475,3
100x256x256,3
256x256x125,3
264x320x34,3
256x256x138,3
224x256x160,3
204x256x44,3
256x224x160,3
204x256x46,3
256x256x168,3
192x255x219,3
560x640x33,3
896x896x33,3
456x512x35,3
256x256x167,3
512x39x512,3
248x320x23,3
644x640x26,3
180x212x212,3
192x254x184,3
448x448x44,3
320x320x21,3
432x512x25,3
208x256x21,3
512x640x38,3
260x320x25,3
424x512x33,3
512x44x512,3
432x512x37,3
224x320x36,3
262x262x54,3
90x90x76,3
261x315x260,3
224x256x208,3
256x256x43,3
256x256x15,3
320x320x320,3
480x512x23,3
504x512x40,3
512x512x154,3
43x300x320,3
512x24x512,3
512x512x88,3
192x255x213,3
408x512x26,3
212x256x33,3
339x445x37,2
394x452x43,2
322x413x45,2
378x412x40,2
202x243x38,2
357x431x36,2
263x326x43,2
473x526x40,2
277x329x25,2
331x405x34,2
344x439x37,2
224x275x40,2
367x442x40,2
386x432x41,2
343x439x35,2
263x322x30,2
534x624x40,2
264x310x28,2
320x401x40,2
340x406x35,2
258x328x42,2
322x355x41,2
268x336x42,2
345x411x40,2
363x442x40,2
327x416x40,2
324x363x44,2
338x454x38,2
516x527x40,2
376x431x40,2
232x282x37,2
467x587x40,2
348x448x34,2
211x248x33,2
228x290x45,2
347x448x41,2
493x582x40,2
318x371x34,2
207x251x28,2
328x417x39,2
266x270x41,2
250x303x26,2
353x451x35,2
382x450x42,2
445x554x41,2
372x428x45,2
259x305x29,2
315x388x42,2
372x457x26,2
376x439x42,2
351x369x35,2
281x323x44,2
318x379x42,2
210x245x40,2
335x369x42,2
255x316x38,2
354x447x40,2
161x205x40,2
344x415x42,2
290x340x40,2
250x306x28,2
259x304x39,2
355x451x54,2
421x513x37,2
365x459x42,2
350x419x35,2
260x305x39,2
350x386x48,2
326x404x53,2
289x352x32,2
383x470x36,2
353x433x36,2
375x451x40,2
366x490x36,2
166x198x40,2
373x400x20,2
359x456x38,2
311x370x44,2
287x317x30,2
251x300x38,2
341x398x44,2
277x325x43,2
382x431x33,2
433x470x37,2
421x569x40,2
167x202x25,2
422x501x34,2
183x232x45,2
376x479x43,2
284x327x29,2
257x309x40,2
341x417x39,2
256x307x38,2
381x444x48,2
407x432x41,2
318x407x40,2
267x332x42,2
248x305x37,2
227x272x34,2
352x417x42,2
375x474x41,2
416x470x30,2
267x333x40,2
428x473x41,2
261x279x39,2
353x427x40,2
283x363x40,2
218x261x40,2
327x391x42,2
356x382x36,2
365x454x39,2
286x305x29,2
272x347x33,2
422x524x40,2
196x230x42,2
408x508x38,2
222x257x38,2
306x357x30,2
263x324x30,2
388x444x41,2
237x281x34,2
344x393x43,2
260x336x38,2
376x456x35,2
443x577x40,2
439x618x40,2
311x375x40,2
309x363x31,2
258x354x42,2
246x342x31,2
435x470x36,2
369x506x44,2
382x477x45,2
297x385x33,2
397x407x35,2
349x434x49,2
371x450x35,2
296x383x43,2
243x270x35,2
358x426x41,2
448x559x42,2
292x385x40,2
349x435x36,2
327x382x32,2
280x321x43,2
386x457x42,2
320x368x33,2
354x466x40,2
460x567x40,2
345x418x47,2
234x255x40,2
236x321x35,2
275x371x46,2
210x256x256,2
336x398x44,2
275x356x32,2
388x513x44,2
420x525x39,2
477x511x40,2
291x353x40,2
128x128x41,2
347x367x46,2
281x315x28,2
448x514x38,2
294x349x28,2
189x221x45,2
293x330x46,2
391x423x41,2
161x197x40,2
184x218x45,2
421x530x39,2
471x521x38,2
314x382x32,2
320x354x41,2
166x203x40,2
268x314x41,2
348x373x30,2
263x302x31,2
128x256x320,2
330x379x34,2
342x439x49,2
335x365x35,2
145x173x39,2
384x485x36,2
318x379x43,2
392x402x40,2
450x510x35,2
467x565x40,2
370x388x37,2
395x462x43,2
346x428x49,2
374x484x42,2
410x519x39,2
363x415x38,2
480x480x195,2
200x246x40,2
355x402x36,2
202x224x38,2
266x312x41,2
238x298x35,2
437x468x35,2
175x192x200,2
449x431x38,2
433x527x39,2
220x257x55,2
495x569x44,2
428x561x40,2
338x403x50,2
325x400x36,2
371x405x34,2
323x384x43,2
296x366x33,2
454x548x40,2
15x256x256,2
288x512x512,2
226x263x35,2
210x265x33,2
23x808x640,2
291x317x42,2
160x189x41,2
307x401x38,2
176x208x208,2
331x384x43,2
248x303x37,2
315x362x38,2
339x436x35,2
384x528x528,2
422x567x40,2
275x300x29,2
274x318x42,2
1024x56x1024,2
418x469x35,2
439x520x40,2
355x416x38,2
389x462x35,2
331x428x35,2
464x580x40,2
244x309x40,2
445x549x40,2
128x128x59,2
322x386x43,2
231x259x50,2
357x447x37,2
492x605x42,2
275x303x29,2
379x503x43,2
299x362x42,2
336x336x124,2
242x268x36,2
208x229x36,2
236x288x40,2
311x363x44,2
284x319x29,2
450x459x38,2
337x419x37,2
461x595x35,2
406x473x43,2
267x325x37,2
432x469x38,2
276x288x30,2
1024x55x1024,2
1024x57x1024,2
455x583x42,2
222x294x40,2
270x321x29,2
232x292x36,2
360x430x25,2
327x378x44,2
176x211x40,2
334x399x40,2
352x436x36,2
256x316x39,2
312x350x42,2
434x571x40,2
287x352x32,2
435x547x40,2
269x329x26,2
392x461x42,2
332x376x37,2
402x544x36,2
294x341x45,2
328x379x42,2
238x286x40,2
476x496x55,2
381x469x39,2
421x553x39,2
253x346x45,2
432x537x40,2
275x330x39,2
336x376x22,2
393x427x41,2
459x570x40,2
367x465x42,2
288x288x82,2
473x553x34,2
248x313x39,2
456x541x30,2
336x336x119,2
448x613x40,2
436x518x39,2
219x282x30,2
250x264x38,2
270x302x38,2
166x191x40,2
227x270x39,2
279x338x30,2
360x415x37,2
373x451x40,2
326x389x40,2
272x303x42,2
343x399x37,2
384x433x37,2
336x336x123,2
355x409x36,2
347x437x36,2
288x374x34,2
224x277x32,2
338x386x42,2
451x543x40,2
469x576x40,2
252x297x40,2
313x336x33,2
346x405x35,2
269x327x28,2
252x322x40,2
427x519x40,2
262x286x37,2
419x489x39,2
371x487x36,2
392x508x37,2
396x455x38,2
371x460x50,2
177x196x49,2
438x591x40,2
340x449x51,2
320x359x34,2
47x294x325,2
358x397x50,2
450x596x40,2
177x221x50,2
310x381x33,2
278x325x43,2
332x451x45,2
360x486x45,2
264x297x39,2
334x427x35,2
220x275x34,2
462x525x44,2
312x373x28,2
250x304x26,2
275x312x38,2
237x319x50,2
383x441x42,2
339x398x22,2
249x291x37,2
407x465x53,2
246x297x28,2
445x458x34,2
400x501x33,2
258x281x37,2
387x396x38,2
203x240x40,2
263x298x31,2
259x316x26,2
409x497x37,2
249x298x28,2
355x405x36,2
228x342x26,2
408x440x42,2
267x321x41,2
361x468x39,2
451x546x40,2
379x449x42,2
261x282x39,2
323x420x34,2
335x424x39,2
351x440x38,2
416x566x40,2
251x254x28,2
383x467x42,2
382x484x44,2
348x445x40,2
415x553x39,2
359x445x38,2
253x275x37,2
207x286x55,2
159x187x38,2
268x347x30,2
266x337x42,2
245x301x36,2
220x237x40,2
309x374x30,2
414x553x38,2
280x341x42,2
265x336x31,2
340x450x37,2
262x291x38,2
173x193x50,2
353x401x33,2
343x410x36,2
372x443x43,2
330x362x40,2
365x465x42,2
272x327x29,2
375x455x43,2
483x531x38,2
365x424x32,2
273x321x26,2
330x412x43,2
357x414x38,2
373x397x37,2
335x400x36,2
330x429x25,2
317x376x42,2
260x303x39,2
399x481x37,2
474x574x40,2
183x215x50,2
481x509x40,2
371x451x49,2
438x506x39,2
348x445x38,2
422x506x36,2
451x525x40,2
467x580x40,2
257x278x29,2
328x449x48,2
340x381x34,2
405x503x36,2
218x241x40,2
326x390x45,2
444x525x38,2
345x405x45,2
419x526x38,2
241x305x36,2
288x354x40,2
397x450x42,2
256x317x38,2
339x457x39,2
178x224x50,2
447x504x39,2
281x317x27,2
415x495x39,2
391x479x27,2
489x591x40,2
307x353x40,2
376x359x38,2
302x362x42,2
396x473x44,2
315x414x37,2
439x525x45,2
407x508x50,2
217x288x35,2
246x311x37,2
208x261x52,2
252x335x42,2
450x490x38,2
182x214x55,2
363x376x47,2
264x342x42,2
202x261x45,2
334x397x42,2
391x450x50,2
411x510x33,2
337x385x42,2
236x307x26,2
363x449x36,2
254x321x29,2
277x326x30,2
166x195x48,2
349x391x37,2
336x433x45,2
223x255x45,2
225x258x35,2
259x324x39,2
381x428x40,2
373x461x41,2
355x366x35,2
214x254x37,2
360x466x41,2
312x362x40,2
235x280x35,2
272x345x43,2
332x408x23,2
362x418x35,2
196x241x35,2
262x325x43,2
178x200x33,2
222x277x54,2
380x456x40,2
276x320x28,2
373x446x41,2
172x200x40,2
214x256x40,2
231x275x36,2
384x473x54,2
213x269x33,2
426x572x40,2
245x313x39,2
265x331x42,2
230x271x30,2
270x311x28,2
159x204x50,2
171x206x40,2
430x532x39,2
462x537x38,2
249x315x38,2
258x315x30,2
276x351x42,2
268x316x41,2
317x388x43,2
459x508x40,2
213x287x33,2
298x339x53,2
364x432x38,2
363x493x38,2
264x305x39,2
349x427x26,2
390x453x58,2
287x330x28,2
354x453x42,2
250x296x29,2
406x512x36,2
359x439x46,2
307x352x35,2
361x434x42,2
382x485x42,2
189x214x45,2
157x181x40,2
317x386x44,2
175x225x43,2
399x443x33,2
422x557x40,2
226x282x34,2
243x334x41,2
398x424x50,2
233x290x40,2
387x384x39,2
371x414x48,2
373x473x61,2
475x580x35,2
242x282x34,2
489x630x44,2
396x453x43,2
153x187x40,2
263x311x26,2
340x387x42,2
480x567x44,2
178x199x40,2
419x496x35,2
350x451x37,2
426x539x39,2
425x524x39,2
255x285x28,2
250x323x40,2
344x440x40,2
242x302x39,2
227x274x34,2
358x456x39,2
397x479x42,2
196x257x35,2
354x444x48,2
370x451x50,2
447x561x35,2
222x290x36,2
410x520x38,2
242x316x44,2
352x415x45,2
341x462x37,2
198x263x40,2
207x275x40,2
438x543x40,2
352x432x35,2
289x357x32,2
411x492x36,2
354x399x54,2
270x318x27,2
322x371x45,2
376x460x40,2
342x450x25,2
189x219x40,2
410x470x40,2
316x391x33,2
342x404x23,2
254x303x37,2
386x420x37,2
274x338x44,2
391x434x40,2
388x382x39,2
297x361x46,2
267x317x43,2
358x374x37,2
341x451x39,2
367x453x40,2
324x387x46,2
392x395x41,2
332x400x43,2
242x281x23,2
226x283x35,2
239x264x34,2
257x316x28,2
343x422x47,2
364x437x39,2
214x240x40,2
242x347x41,2
164x212x30,2
371x425x48,2
177x208x40,2
269x291x40,2
395x475x29,2
260x310x28,2
316x387x47,2
197x209x45,2
274x293x38,2
376x503x38,2
423x536x39,2
222x278x40,2
478x554x40,2
255x324x40,2
256x306x39,2
385x476x42,2
269x308x29,2
263x334x40,2
326x396x42,2
185x199x40,2
413x542x40,2
203x234x40,2
428x522x39,2
258x331x41,2
222x260x36,2
358x445x33,2
196x240x35,2
227x256x33,2
432x500x39,2
310x362x32,2
330x415x24,2
348x394x46,2
384x382x40,2
391x430x37,2
258x322x29,2
226x276x35,2
286x324x31,2
454x610x44,2
211x251x35,2
268x286x39,2
273x321x30,2
250x318x29,2
283x331x29,2
449x556x40,2
419x561x40,2
371x442x38,2
368x453x41,2
451x577x37,2
163x217x49,2
343x454x34,2
209x252x57,2
388x468x37,2
346x413x33,2
375x414x38,2
482x583x40,2
349x423x32,2
436x525x40,2
372x543x39,2
402x437x30,2
284x320x35,2
416x512x25,2
219x448x448,2
348x640x640,2
624x768x34,2
512x432x35,2
512x84x512,2
432x31x432,2
512x512x84,2
256x256x181,2
396x484x37,2
300x384x384,2
335x576x576,2
24x320x320,2
164x384x384,2
320x29x320,2
324x384x28,2
400x512x24,2
512x512x99,2
544x640x43,2
544x640x42,2
512x437x114,2
27x320x320,2
330x448x448,2
192x255x217,2
288x288x22,2
310x480x480,2
352x512x512,2
176x216x216,2
256x256x94,2
256x256x86,2
544x640x40,2
276x320x37,2
524x640x27,2
480x512x224,2
192x255x225,2
640x640x29,2
480x512x31,2
464x512x26,2
336x336x170,2
440x512x32,2
640x640x27,2
248x304x27,2
340x704x704,2
480x200x480,2
424x512x35,2
128x128x65,2
136x512x512,2
480x640x34,2
416x512x42,2
224x320x35,2
448x448x26,2
312x432x432,2
25x480x480,2
320x272x34,2
192x256x25,2
696x668x136,2
162x288x288,2
384x384x34,2
312x384x32,2
256x256x95,2
256x256x191,2
216x288x26,2
228x304x26,2
512x512x60,2
168x256x256,2
181x288x288,2
320x276x26,2
696x768x232,2
696x693x200,2
512x512x124,2
512x437x128,2
384x437x100,2
1024x15x1024,2
512x512x324,2
512x104x512,2
512x16x512,2
512x512x332,2
512x512x384,2
256x192x256,2
290x320x33,2
268x320x33,2
216x256x40,2
256x256x45,2
256x256x57,2
218x256x35,2
480x640x33,2
136x256x256,2
140x512x512,2
640x640x40,2
228x256x28,2
512x640x37,2
390x480x480,2
150x240x240,2
132x512x512,2
224x224x22,2
142x256x256,2
288x288x23,2
205x512x512,2
192x246x230,2
144x205x200,2
232x256x25,2
212x256x35,2
320x30x320,2
176x210x200,2
160x194x159,2
172x196x200,2
176x188x200,2
180x238x238,2
540x640x34,2
380x512x512,2
203x224x224,2
133x256x256,2
256x209x256,2
216x256x17,2
208x256x192,2
185x300x320,2
256x256x240,2
512x512x172,2
192x236x170,2
192x234x221,2
144x203x200,2
192x240x167,2
192x250x168,2
196x256x30,2
28x320x320,2
185x288x288,2
640x640x43,2
165x183x200,2
174x187x200,2
175x200x200,2
432x27x432,2
161x256x256,2
128x512x512,2
167x188x200,2
157x185x164,2
176x205x200,2
252x256x31,2
290x320x36,2
384x512x27,2
300x320x35,2
192x255x218,2
306x384x32,2
378x448x45,2
23x512x512,2
256x256x188,2
536x640x34,2
400x400x28,2
169x240x240,2
288x288x192,2
174x400x400,2
355x528x528,2
1024x183x1024,2
171x448x448,2
159x256x256,2
512x180x512,2
155x240x240,2
528x528x192,2
192x255x182,2
224x256x24,2
134x512x512,2
325x448x448,2
204x256x192,2
190x288x288,2
164x432x432,2
384x32x384,2
648x768x34,2
290x512x512,2
124x512x512,2
416x28x512,2
192x255x181,2
192x246x233,2
652x768x200,2
144x232x256,2
480x30x480,2
652x768x184,2
41x320x320,2
768x768x30,2
38x420x448,2
350x448x43,2
36x420x448,2
512x512x243,2
288x320x23,2
440x512x23,2
360x512x30,2
169x192x200,2
158x179x187,2
175x192x180,2
161x186x183,2
166x213x200,2
157x181x146,2
170x218x200,2
171x190x163,2
160x213x200,2
160x202x158,2
364x448x30,2
168x188x145,2
600x640x32,2
165x189x150,2
176x190x166,2
158x196x200,2
164x186x157,2
171x186x162,2
176x189x151,2
167x186x187,2
528x640x35,2
456x512x36,2
160x212x198,2
167x204x171,2
176x194x200,2
171x188x161,2
175x211x200,2
163x187x197,2
168x200x153,2
202x207x112,2
202x187x105,2
106x256x256,2
256x60x256,2
79x512x512,2
164x189x153,2
176x206x169,2
176x202x172,2
160x176x167,2
154x185x178,2
166x200x158,2
151x184x159,2
176x200x136,2
162x185x161,2
159x197x192,2
175x202x180,2
172x201x159,2
335x528x528,2
472x512x35,2
192x256x48,2
168x228x146,2
288x320x22,2
440x512x22,2
320x320x176,2
22x696x640,2
322x320x23,2
289x385x41,2
512x512x53,2
173x198x169,2
282x331x43,2
352x416x416,2
330x405x35,2
260x310x37,2
478x550x40,2
246x322x37,2
456x517x50,2
417x586x41,2
375x480x43,2
489x584x55,2
311x348x33,2
216x288x144,2
163x189x142,2
173x204x200,2
216x256x29,2
896x896x32,2
406x448x28,2
183x512x512,2
240x256x35,2
216x256x37,2
170x202x160,2
27x256x256,2
176x256x160,2
504x640x35,2
288x288x360,2
260x320x29,2
174x195x198,2
166x191x154,2
160x185x167,2
166x193x185,2
320x320x42,2
448x448x35,2
416x512x512,2
200x256x27,2
520x640x30,2
256x256x199,2
270x320x26,2
456x512x31,2
256x256x59,2
376x512x28,2
256x256x85,2
192x242x219,2
384x512x46,2
576x768x32,2
165x203x198,2
256x256x131,2
256x320x27,2
384x384x170,2
248x320x21,2
252x256x33,2
288x384x23,2
440x512x33,2
528x640x30,2
212x512x512,2
448x512x23,2
400x512x34,2
256x256x137,2
320x320x41,2
252x336x26,2
268x320x32,2
218x256x22,2
512x512x170,2
400x33x400,2
264x320x30,2
208x256x38,2
504x512x29,2
308x384x32,2
520x640x37,2
360x528x528,2
218x256x24,2
384x384x31,2
270x320x28,2
448x448x31,2
270x320x31,2
288x320x38,2
424x512x25,2
464x512x24,2
272x320x26,2
456x608x26,2
480x480x30,2
160x221x200,2
480x512x32,2
408x512x42,2
252x320x30,2
392x512x31,2
202x207x116,2
192x240x233,2
256x256x132,2
192x255x170,2
160x212x200,2
352x352x170,2
160x222x200,2
160x206x143,2
160x193x156,2
176x195x156,2
162x198x199,2
166x185x177,2
696x768x178,2
171x201x190,2
164x179x153,2
172x179x170,2
168x192x172,2
160x207x200,2
216x256x26,2
216x256x27,2
464x512x27,2
252x320x33,2
384x512x192,2
280x320x26,2
192x255x227,2
160x196x200,2
218x256x33,2
130x132x60,2
184x192x256,2
202x197x112,2
192x256x34,2
208x256x36,2
175x222x200,2
464x512x28,2
512x512x191,2
1024x172x1024,2
448x512x36,2
288x384x28,2
256x256x89,2
248x320x33,2
512x512x16,2
160x197x165,2
432x551x40,2
258x256x36,2
169x244x199,2
384x22x384,2
194x320x320,2
174x288x288,2
350x560x560,2
184x236x192,2
181x240x201,2
170x234x182,2
512x512x200,2
181x243x204,2
177x229x187,2
169x224x186,2
172x230x194,2
165x226x193,2
176x229x187,2
187x243x195,2
170x240x194,2
171x227x187,2
180x237x183,2
183x236x179,2
179x240x189,2
276x331x30,2
316x358x20,2
380x475x43,2
384x434x45,2
326x371x34,2
470x523x40,2
446x572x40,2
385x438x41,2
223x269x34,2
268x314x42,2
442x513x55,2
399x480x44,2
297x408x33,2
324x428x48,2
261x316x28,2
317x371x32,2
485x575x40,2
305x375x42,2
334x373x34,2
174x257x33,2
345x408x36,2
455x541x40,2
377x405x38,2
177x238x196,2
160x232x188,2
177x240x199,2
161x232x189,2
192x214x199,2
170x202x177,2
160x227x190,2
186x242x189,2
178x224x184,2
174x232x186,2
179x215x189,2
182x243x196,2
177x232x199,2
158x234x201,2
171x218x173,2
178x215x194,2
185x212x187,2
185x234x194,2
188x237x212,2
163x212x174,2
164x226x183,2
168x234x195,2
156x234x199,2
163x207x162,2
190x230x176,2
185x226x179,2
174x209x179,2
174x233x188,2
169x231x174,2
172x225x180,2
167x225x188,2
184x233x176,2
172x212x168,2
181x239x191,2
165x213x172,2
169x202x161,2
173x239x188,2
384x23x384,2
408x544x16,2
169x236x188,2
157x232x197,2
176x235x194,2
187x243x209,2
172x209x170,2
173x229x192,2
179x223x164,2
457x541x40,2
352x429x27,2
335x418x45,2
268x317x26,2
330x528x528,2
224x224x31,2
185x512x512,2
359x435x33,2
185x256x170,2
175x256x169,2
362x457x41,2
270x312x24,2
253x260x33,2
324x387x43,2
336x384x44,2
354x342x35,2
153x185x40,2
434x504x45,2
200x236x41,2
217x265x34,2
359x425x38,2
464x476x39,2
176x277x277,2
258x317x40,2
423x529x39,2
378x473x44,2
323x410x43,2
335x387x35,2
249x293x37,2
378x450x39,2
336x396x29,2
242x251x36,2
465x478x40,2
381x425x38,2
254x332x39,2
429x547x40,2
164x204x44,2
231x291x40,2
349x406x43,2
305x376x44,2
347x427x32,2
306x378x43,2
168x224x256,2
352x386x47,2
406x479x42,2
173x202x200,2
292x324x45,2
367x455x40,2
336x420x44,2
176x229x200,2
176x291x291,2
176x261x261,2
256x256x304,2
256x256x312,2
361x421x43,2
325x416x43,2
254x318x37,2
325x336x30,2
262x306x40,2
373x467x35,2
280x319x28,2
189x251x38,2
427x548x37,2
266x322x43,2
486x571x40,2
252x305x27,2
268x332x38,2
343x388x43,2
348x396x36,2
367x483x42,2
372x473x30,2
235x289x31,2
364x458x25,2
337x397x40,2
329x393x47,2
324x367x28,2
430x521x39,2
374x445x39,2
369x479x44,2
442x518x40,2
315x388x46,2
457x565x43,2
385x467x43,2
356x409x44,2
269x351x44,2
309x409x35,2
357x389x49,2
254x307x36,2
246x339x43,2
230x270x45,2
480x576x39,2
399x472x35,2
311x362x40,2
381x420x50,2
383x482x30,2
451x590x40,2
300x383x35,2
395x451x43,2
476x519x39,2
374x466x40,2
321x420x29,2
251x282x36,2
264x307x40,2
181x233x191,2
427x497x38,2
245x321x41,2
484x585x40,2
323x384x54,2
351x426x46,2
358x401x42,2
345x401x35,2
416x504x39,2
327x376x41,2
172x196x40,2
256x112x256,2
278x333x29,2
385x435x38,2
381x490x34,2
313x361x44,2
268x313x27,2
233x306x25,2
258x314x37,2
445x568x40,2
423x500x37,2
256x124x256,2
256x126x256,2
360x451x41,2
158x187x40,2
322x388x35,2
345x434x39,2
256x154x256,2
256x210x256,2
256x122x256,2
471x539x42,2
307x355x44,2
429x527x38,2
249x299x38,2
158x215x161,2
276x328x44,2
240x240x23,2
325x512x512,2
176x214x200,2
175x197x200,2
30x352x352,2
224x30x224,2
256x172x256,2
176x202x200,2
176x192x200,2
190x560x560,2
256x230x256,2
167x187x200,2
144x210x200,2
145x256x256,2
118x512x512,2
169x189x200,2
176x186x200,2
184x288x288,2
290x448x448,2
192x251x232,2
216x256x192,2
171x186x200,2
163x193x200,2
380x459x40,2
235x261x40,2
256x238x256,2
512x512x135,2
256x106x256,2
256x164x256,2
256x206x256,2
250x295x38,2
256x198x256,2
256x256x108,2
176x320x320,2
438x551x40,2
296x352x26,2
314x345x33,2
253x308x38,2
217x304x40,2
218x280x29,2
446x551x41,2
249x304x32,2
198x239x32,2
400x447x42,2
273x312x43,2
247x288x35,2
252x293x27,2
187x238x192,2
177x238x198,2
186x229x194,2
187x239x212,2
184x224x196,2
181x233x198,2
186x221x193,2
177x219x174,2
167x238x183,2
158x232x201,2
349x418x48,2
168x230x189,2
156x235x200,2
164x230x184,2
184x230x168,2
177x203x160,2
178x219x157,2
177x230x178,2
177x225x199,2
179x221x172,2
176x232x175,2
158x233x199,2
174x235x189,2
183x239x210,2
155x232x187,2
168x237x191,2
176x236x195,2
164x212x162,2
165x205x165,2
166x209x168,2
181x239x180,2
173x229x180,2
176x224x170,2
162x223x172,2
165x218x178,2
173x211x153,2
174x241x192,2
157x232x192,2
176x212x189,2
163x232x191,2
177x235x177,2
182x229x184,2
193x228x188,2
158x229x181,2
157x225x177,2
179x237x194,2
169x229x177,2
173x226x188,2
159x209x173,2
512x512x312,2
166x240x191,2
172x229x187,2
171x198x172,2
170x234x179,2
176x198x157,2
158x230x177,2
175x237x197,2
1024x199x1024,2
252x512x512,2
196x257x38,2
390x472x33,2
199x258x40,2
266x328x29,2
382x493x35,2
297x348x26,2
256x324x40,2
245x262x37,2
287x319x42,2
189x512x512,2
173x241x204,2
177x229x183,2
179x224x200,2
169x213x164,2
167x241x201,2
179x238x197,2
168x208x172,2
169x221x172,2
168x211x174,2
176x235x189,2
195x229x185,2
166x226x195,2
163x232x177,2
185x233x191,2
187x220x180,2
215x268x40,2
163x220x154,2
166x236x175,2
256x256x175,2
512x512x288,2
512x512x272,2
180x235x168,2
173x236x187,2
183x227x189,2
644x640x24,1
72x192x192,1
352x384x384,1
972x1296x312,1
96x128x128,1
588x784x312,1
256x348x384,1
160x192x191,1
147x183x191,1
156x210x193,1
164x197x180,1
163x203x181,1
512x17x512,1
640x23x640,1
512x62x512,1
161x213x193,1
96x96x49,1
160x219x172,1
175x205x173,1
152x198x200,1
161x195x187,1
172x208x173,1
156x212x173,1
432x32x432,1
348x1120x1120,1
379x576x576,1
1024x206x1024,1
388x528x528,1
348x720x720,1
156x198x181,1
176x230x179,1
1024x1024x150,1
335x640x640,1
194x384x384,1
343x512x512,1
384x28x384,1
180x240x234,1
166x224x224,1
325x576x576,1
175x188x200,1
170x200x158,1
176x228x200,1
163x184x139,1
166x193x148,1
172x196x132,1
163x193x172,1
160x194x182,1
170x194x189,1
175x201x145,1
174x205x165,1
158x184x150,1
168x200x190,1
173x204x198,1
167x205x157,1
164x207x136,1
222x512x512,1
241x352x352,1
169x224x256,1
174x224x256,1
166x205x156,1
164x201x193,1
170x195x200,1
162x198x155,1
240x240x136,1
176x255x198,1
192x256x159,1
192x255x186,1
176x255x189,1
192x241x171,1
160x223x173,1
160x203x175,1
169x198x141,1
170x202x156,1
175x212x158,1
176x211x156,1
164x192x152,1
176x219x200,1
170x214x195,1
168x190x191,1
128x178x200,1
173x187x154,1
167x224x173,1
165x199x130,1
160x192x133,1
175x192x157,1
175x205x172,1
176x201x162,1
177x224x256,1
176x272x272,1
176x267x267,1
176x283x283,1
176x278x278,1
176x205x136,1
128x175x168,1
128x181x175,1
176x234x200,1
172x222x173,1
165x199x148,1
167x198x153,1
320x320x57,1
173x207x184,1
169x203x190,1
162x197x134,1
356x483x66,1
358x475x78,1
359x448x100,1
358x492x86,1
356x486x74,1
356x456x72,1
356x377x66,1
203x256x256,1
176x279x279,1
358x465x88,1
358x449x98,1
356x415x74,1
356x436x66,1
357x487x72,1
357x462x70,1
361x445x66,1
176x266x266,1
176x285x285,1
176x299x299,1
176x293x293,1
176x275x275,1
176x303x303,1
176x258x258,1
176x295x295,1
176x224x199,1
288x288x158,1
176x281x281,1
176x300x300,1
176x296x296,1
176x265x265,1
176x280x280,1
176x284x284,1
357x431x100,1
357x481x72,1
384x18x384,1
384x21x384,1
512x60x512,1
408x34x512,1
408x37x512,1
408x32x512,1
256x256x324,1
185x256x256,1
358x488x88,1
358x466x76,1
356x481x66,1
357x492x78,1
356x437x66,1
358x433x66,1
512x512x340,1
512x57x512,1
48x144x192,1
60x144x192,1
57x144x192,1
176x241x197,1
176x208x147,1
288x480x512,1
355x434x78,1
360x469x93,1
356x448x70,1
359x457x72,1
192x209x200,1
182x237x200,1
192x206x200,1
187x205x200,1
512x148x512,1
256x194x256,1
256x142x256,1
256x244x256,1
256x146x256,1
256x168x256,1
256x246x256,1
256x218x256,1
185x227x171,1
174x231x176,1
192x254x214,1
192x236x185,1
395x467x379,1
512x512x344,1
512x512x352,1
512x118x512,1
175x207x186,1
177x245x168,1
174x239x162,1
173x237x171,1
175x236x185,1
175x238x167,1
185x240x169,1
185x225x203,1
384x26x384,1
384x27x384,1
191x512x512,1
177x219x202,1
171x224x183,1
184x211x188,1
169x211x162,1
162x231x203,1
512x512x137,1
256x148x256,1
256x214x256,1
139x512x512,1
569x569x129,1
104x104x5619,1
104x104x564,1
21x320x320,1
192x248x164,1
192x241x222,1
256x120x256,1
256x202x256,1
512x512x126,1
512x98x512,1
256x114x256,1
512x512x141,1
192x244x225,1
192x255x195,1
192x245x195,1
192x245x207,1
192x246x232,1
192x239x209,1
192x240x179,1
320x194x320,1
256x242x256,1
256x54x256,1
256x45x256,1
256x118x256,1
192x252x233,1
192x239x232,1
192x251x233,1
192x254x177,1
49x59x49,1
50x66x47,1
50x61x49,1
49x61x47,1
54x60x51,1
52x62x49,1
49x60x48,1
50x63x48,1
131x320x320,1
202x320x320,1
112x256x256,1
104x104x6059,1
104x104x36,1
104x104x1557,1
170x224x224,1
50x60x50,1
22x256x224,1
104x104x5649,1
104x104x6387,1
20x320x320,1
104x104x5067,1
104x104x3315,1
104x104x1452,1
104x104x3282,1
104x104x5565,1
156x320x320,1
104x104x798,1
104x104x81,1
104x104x2562,1
67x320x320,1
104x104x4131,1
104x104x6009,1
194x288x288,1
144x178x200,1
208x310x320,1
168x256x143,1
232x256x164,1
256x256x230,1
256x256x169,1
240x320x176,1
208x202x176,1
144x209x172,1
144x185x200,1
144x184x200,1
208x219x174,1
208x208x169,1
256x256x158,1
131x256x256,1
104x104x8235,1
24x512x448,1
128x128x32,1
456x512x22,1
208x222x200,1
144x205x166,1
208x194x175,1
144x234x200,1
52x64x49,1
49x58x48,1
256x250x256,1
512x512x133,1
223x320x320,1
104x104x6201,1
104x104x9126,1
104x104x6373,1
144x204x200,1
144x177x185,1
208x194x189,1
208x228x198,1
208x201x171,1
144x192x177,1
208x205x178,1
144x191x187,1
208x189x186,1
208x195x200,1
208x196x172,1
144x202x200,1
208x238x200,1
144x198x200,1
144x213x200,1
144x198x157,1
208x209x198,1
208x203x193,1
144x185x197,1
208x210x178,1
144x206x173,1
144x191x200,1
208x199x173,1
208x209x200,1
224x280x320,1
144x211x193,1
208x202x192,1
208x186x170,1
144x223x200,1
144x239x200,1
208x203x179,1
208x194x178,1
160x209x175,1
160x207x175,1
160x189x180,1
157x202x150,1
160x193x158,1
160x220x200,1
160x216x200,1
163x210x149,1
472x512x34,1
160x195x158,1
160x209x178,1
160x208x183,1
160x191x170,1
160x197x181,1
160x198x162,1
160x200x156,1
144x215x200,1
144x219x200,1
208x197x185,1
208x215x200,1
208x185x177,1
208x208x178,1
208x210x173,1
144x187x200,1
128x128x46,1
192x249x183,1
256x224x192,1
256x240x176,1
256x240x192,1
208x189x168,1
208x207x174,1
144x211x200,1
160x195x173,1
160x187x172,1
160x189x154,1
160x184x200,1
160x184x164,1
160x187x157,1
160x196x178,1
160x193x170,1
160x199x200,1
160x191x161,1
160x184x167,1
160x195x171,1
160x198x186,1
160x197x178,1
160x194x200,1
160x205x200,1
155x191x165,1
160x214x197,1
280x320x33,1
392x512x22,1
160x189x200,1
160x201x168,1
160x193x164,1
160x188x165,1
160x188x189,1
160x209x150,1
160x189x190,1
163x209x150,1
160x227x200,1
160x188x187,1
160x206x166,1
160x208x138,1
192x237x172,1
192x242x224,1
192x255x201,1
192x255x208,1
192x243x181,1
192x245x227,1
192x248x170,1
192x245x223,1
232x256x26,1
157x212x193,1
160x204x178,1
216x255x208,1
192x255x202,1
192x247x221,1
192x242x157,1
192x254x180,1
160x193x159,1
160x208x200,1
232x256x27,1
236x256x32,1
160x254x256,1
176x230x164,1
192x192x48,1
232x256x23,1
160x187x161,1
160x239x200,1
160x184x176,1
160x192x175,1
160x187x134,1
160x200x165,1
135x166x100,1
160x193x200,1
192x239x182,1
192x243x207,1
192x248x233,1
192x237x233,1
192x228x221,1
192x243x218,1
192x255x185,1
192x252x232,1
512x27x416,1
384x384x36,1
416x35x512,1
192x238x176,1
192x255x174,1
192x255x205,1
192x255x222,1
192x250x229,1
230x512x512,1
232x256x19,1
256x320x38,1
256x256x79,1
528x640x32,1
390x448x160,1
608x768x200,1
35x864x864,1
192x239x166,1
192x255x183,1
192x255x176,1
192x247x229,1
192x255x180,1
192x255x194,1
192x233x170,1
186x512x512,1
340x448x160,1
306x384x130,1
364x448x43,1
350x448x208,1
512x512x165,1
352x448x130,1
352x448x144,1
232x256x84,1
512x512x194,1
600x768x168,1
628x768x200,1
720x896x190,1
288x384x72,1
38x300x320,1
784x784x43,1
330x448x160,1
378x448x49,1
624x768x168,1
35x392x448,1
448x512x40,1
352x448x90,1
41x290x320,1
322x448x43,1
37x784x784,1
192x244x180,1
192x250x228,1
276x320x40,1
432x512x208,1
512x512x145,1
512x512x181,1
336x448x43,1
42x320x320,1
512x512x58,1
408x512x43,1
408x512x46,1
192x255x177,1
192x255x228,1
192x238x227,1
192x241x176,1
192x255x207,1
256x306x300,1
512x512x180,1
480x512x90,1
120x240x256,1
45x290x320,1
35x800x800,1
512x512x316,1
512x512x51,1
40x290x320,1
396x448x160,1
294x448x43,1
896x844x160,1
25x480x512,1
592x768x200,1
33x420x448,1
42x300x320,1
576x768x200,1
41x420x448,1
350x448x171,1
576x768x168,1
616x768x200,1
128x160x160,1
47x300x320,1
26x420x448,1
256x256x177,1
256x256x210,1
192x256x208,1
512x640x163,1
480x640x150,1
148x212x212,1
160x220x220,1
148x240x240,1
192x242x201,1
192x241x224,1
192x233x219,1
192x222x154,1
192x255x220,1
192x255x231,1
192x244x172,1
192x255x169,1
192x245x233,1
448x40x448,1
512x512x142,1
512x512x132,1
512x512x138,1
380x380x56,1
192x254x192,1
192x255x184,1
192x254x156,1
192x243x221,1
192x235x207,1
192x255x226,1
192x246x174,1
192x240x190,1
192x242x218,1
192x255x206,1
800x800x160,1
384x412x100,1
512x437x72,1
696x693x136,1
512x512x175,1
304x261x232,1
288x384x69,1
512x437x200,1
568x568x164,1
288x288x175,1
216x256x16,1
512x512x156,1
256x256x155,1
696x693x184,1
488x512x114,1
576x576x352,1
256x256x98,1
448x448x38,1
192x174x192,1
576x768x35,1
276x320x30,1
40x320x30,1
432x512x16,1
198x256x30,1
128x220x220,1
174x222x222,1
208x272x247,1
208x282x226,1
232x256x90,1
256x256x63,1
49x288x288,1
384x512x512,1
576x640x110,1
512x437x205,1
314x373x100,1
640x565x300,1
576x576x300,1
290x309x110,1
704x704x300,1
460x512x124,1
348x384x44,1
576x693x152,1
160x200x256,1
208x274x245,1
256x256x147,1
648x768x32,1
512x512x184,1
640x565x400,1
576x693x136,1
576x693x149,1
208x261x200,1
540x426x175,1
208x255x229,1
208x267x250,1
208x291x225,1
296x309x185,1
620x693x123,1
696x693x264,1
512x437x124,1
460x512x134,1
288x309x100,1
720x645x155,1
522x501x216,1
696x668x123,1
280x320x39,1
260x320x39,1
272x320x18,1
386x448x26,1
200x256x37,1
148x512x512,1
156x512x512,1
156x256x256,1
15x1024x1024,1
640x565x350,1
720x645x152,1
696x618x184,1
512x437x104,1
640x565x260,1
248x256x28,1
188x256x44,1
512x437x176,1
288x309x118,1
696x668x162,1
696x693x123,1
512x437x120,1
384x437x92,1
16x1024x1024,1
1024x1024x360,1
512x512x104,1
512x437x152,1
384x437x72,1
512x512x144,1
696x768x144,1
260x245x297,1
412x437x156,1
512x512x128,1
160x207x178,1
152x203x176,1
163x222x159,1
158x215x175,1
160x203x156,1
152x202x170,1
159x194x166,1
160x196x161,1
162x217x165,1
156x194x171,1
156x217x182,1
164x231x172,1
151x212x164,1
146x209x149,1
164x207x179,1
154x206x167,1
416x512x37,1
364x448x28,1
376x512x32,1
208x320x32,1
496x512x30,1
364x448x36,1
151x198x157,1
155x209x161,1
256x256x190,1
512x512x328,1
432x512x42,1
272x320x43,1
248x256x34,1
408x512x44,1
512x512x109,1
256x256x87,1
149x200x164,1
155x204x170,1
153x192x153,1
157x221x163,1
152x209x159,1
160x202x162,1
150x185x151,1
159x207x165,1
512x512x193,1
256x256x201,1
175x240x256,1
208x210x256,1
161x204x171,1
157x209x152,1
159x208x187,1
153x201x162,1
224x256x34,1
528x640x28,1
408x512x23,1
432x512x23,1
406x448x30,1
464x512x23,1
256x256x198,1
584x640x37,1
152x209x163,1
149x213x176,1
150x212x164,1
153x224x174,1
151x199x161,1
154x219x176,1
149x201x156,1
150x210x164,1
608x640x33,1
696x768x33,1
600x640x34,1
200x256x31,1
400x512x31,1
256x256x179,1
512x512x95,1
256x256x105,1
336x35x384,1
336x384x36,1
256x256x205,1
436x512x26,1
290x320x26,1
230x256x32,1
252x320x35,1
408x512x18,1
252x256x256,1
344x256x256,1
256x247x256,1
192x144x256,1
336x38x384,1
256x256x182,1
280x40x320,1
157x256x256,1
162x211x182,1
155x202x168,1
280x35x320,1
252x296x296,1
170x224x191,1
192x248x197,1
207x288x288,1
209x288x288,1
496x640x35,1
552x640x36,1
512x512x163,1
256x82x256,1
192x243x209,1
192x236x223,1
192x220x233,1
192x243x233,1
244x256x30,1
540x640x31,1
456x512x19,1
448x640x33,1
424x512x34,1
672x768x33,1
204x256x27,1
256x320x29,1
96x256x256,1
512x40x512,1
128x128x100,1
107x256x256,1
475x512x512,1
464x512x42,1
282x384x28,1
360x512x28,1
512x512x325,1
265x400x400,1
512x512x306,1
179x320x320,1
213x320x320,1
216x320x320,1
512x70x512,1
384x120x384,1
202x197x118,1
202x197x109,1
202x182x107,1
122x256x256,1
126x256x256,1
202x187x116,1
202x202x119,1
202x212x125,1
1024x1024x27,1
432x512x45,1
744x768x45,1
224x256x75,1
256x256x97,1
306x384x31,1
202x187x102,1
202x197x106,1
416x208x512,1
384x176x512,1
160x232x256,1
176x480x512,1
320x320x192,1
592x640x35,1
216x256x160,1
1024x1024x25,1
192x233x213,1
208x216x288,1
144x480x512,1
216x256x65,1
208x208x256,1
264x320x70,1
192x160x256,1
192x192x256,1
416x512x23,1
200x256x33,1
432x512x27,1
512x512x241,1
171x512x512,1
84x512x512,1
160x225x200,1
160x200x200,1
464x640x38,1
306x384x24,1
408x512x24,1
584x640x32,1
392x512x32,1
196x256x32,1
544x640x37,1
528x640x34,1
202x192x112,1
201x181x126,1
256x256x178,1
640x640x39,1
512x408x35,1
192x256x33,1
220x256x34,1
512x512x63,1
202x202x112,1
202x202x122,1
202x202x123,1
116x256x256,1
192x250x216,1
192x250x233,1
202x197x119,1
120x256x256,1
448x448x30,1
376x528x528,1
288x28x288,1
219x512x512,1
355x576x576,1
317x384x384,1
365x528x528,1
1024x161x1024,1
250x320x22,1
512x512x57,1
200x256x34,1
512x241x512,1
256x256x219,1
560x640x30,1
520x640x38,1
456x512x30,1
216x288x137,1
95x512x512,1
101x512x512,1
192x496x512,1
696x768x136,1
232x320x32,1
396x512x35,1
464x512x16,1
152x199x194,1
160x206x200,1
160x209x192,1
160x210x200,1
153x185x157,1
160x230x164,1
160x195x199,1
160x198x200,1
612x768x32,1
296x320x32,1
512x512x74,1
272x320x42,1
256x320x42,1
280x320x28,1
284x320x32,1
512x448x28,1
204x256x37,1
464x512x40,1
200x256x28,1
280x320x44,1
250x320x29,1
256x256x111,1
268x320x40,1
216x256x55,1
25x320x320,1
411x576x576,1
315x384x384,1
170x288x222,1
24x288x288,1
400x200x400,1
1024x174x1024,1
400x400x27,1
1024x1024x56,1
366x576x576,1
358x448x448,1
385x576x576,1
29x227x217,1
354x640x640,1
225x512x512,1
288x221x288,1
216x256x176,1
496x512x35,1
208x256x18,1
204x256x42,1
320x320x15,1
336x384x31,1
218x256x30,1
512x512x89,1
432x512x192,1
248x320x26,1
360x512x24,1
392x512x34,1
212x256x34,1
256x256x82,1
280x320x23,1
512x512x82,1
406x448x29,1
504x640x30,1
256x256x360,1
536x640x30,1
384x512x21,1
208x256x40,1
408x512x160,1
416x512x192,1
352x512x35,1
224x256x23,1
536x640x40,1
348x400x22,1
320x368x22,1
390x448x22,1
352x512x144,1
560x640x34,1
195x512x512,1
358x528x528,1
1024x184x1024,1
170x219x192,1
560x28x560,1
195x352x352,1
512x436x512,1
354x576x576,1
170x206x201,1
312x528x528,1
288x32x288,1
380x576x576,1
350x672x672,1
170x288x237,1
313x432x432,1
376x480x480,1
256x228x32,1
320x260x32,1
256x212x32,1
256x232x32,1
277x384x384,1
211x512x512,1
26x384x384,1
284x512x512,1
256x320x21,1
220x320x24,1
204x256x50,1
192x192x35,1
512x408x28,1
364x448x33,1
352x352x28,1
320x320x18,1
354x512x512,1
352x28x352,1
400x400x25,1
210x672x672,1
170x245x220,1
32x384x384,1
358x560x560,1
375x512x512,1
310x320x30,1
392x448x30,1
552x640x30,1
208x256x29,1
336x384x22,1
250x320x25,1
448x512x39,1
356x576x576,1
204x256x48,1
696x768x34,1
284x320x33,1
180x256x32,1
256x256x99,1
512x512x78,1
496x512x31,1
504x640x31,1
173x256x256,1
174x512x512,1
349x528x528,1
392x1008x1008,1
1024x194x1024,1
375x1120x1120,1
200x400x400,1
240x256x21,1
384x512x33,1
270x320x33,1
440x512x31,1
348x384x35,1
348x384x32,1
360x512x38,1
212x256x25,1
202x256x30,1
488x512x35,1
280x320x31,1
1024x1024x31,1
368x512x32,1
300x384x35,1
472x512x31,1
600x768x35,1
576x640x37,1
616x640x33,1
436x512x27,1
290x320x27,1
256x256x184,1
272x320x39,1
256x216x33,1
300x320x40,1
204x256x38,1
170x241x233,1
180x252x207,1
336x336x221,1
188x320x320,1
166x288x288,1
1024x203x1024,1
170x210x173,1
528x528x26,1
1024x182x1024,1
356x1008x1008,1
560x560x25,1
210x400x400,1
286x336x336,1
24x240x240,1
358x576x576,1
170x282x192,1
580x640x31,1
436x512x22,1
290x320x22,1
616x640x34,1
28x480x480,1
364x576x576,1
400x26x400,1
256x201x256,1
280x320x34,1
1024x1024x32,1
312x384x34,1
230x320x35,1
220x256x30,1
464x512x29,1
448x512x27,1
290x320x31,1
192x256x27,1
424x512x24,1
448x448x36,1
244x320x34,1
512x512x196,1
162x192x30,1
456x512x21,1
336x384x34,1
512x512x174,1
440x512x25,1
288x320x25,1
216x256x18,1
320x272x30,1
512x512x94,1
640x640x48,1
352x512x176,1
576x576x28,1
378x448x26,1
390x448x30,1
200x256x208,1
204x256x176,1
312x384x22,1
552x640x34,1
440x512x34,1
286x400x400,1
320x576x576,1
512x512x177,1
768x768x36,1
270x320x35,1
256x256x133,1
376x512x30,1
768x768x31,1
160x288x197,1
353x1008x1008,1
1024x63x1024,1
384x29x384,1
160x246x235,1
288x35x288,1
28x400x400,1
170x222x203,1
34x512x512,1
448x512x15,1
224x256x25,1
280x320x25,1
480x512x34,1
608x640x34,1
672x768x35,1
256x256x196,1
480x640x31,1
256x256x107,1
512x512x171,1
448x640x34,1
212x256x30,1
256x256x197,1
348x384x34,1
180x256x33,1
288x384x29,1
280x320x27,1
316x320x30,1
312x384x23,1
320x300x30,1
384x512x38,1
312x384x28,1
512x512x103,1
528x640x33,1
512x512x166,1
568x640x36,1
416x512x38,1
512x512x96,1
456x512x24,1
440x512x30,1
512x512x161,1
352x30x352,1
400x512x512,1
512x344x512,1
24x480x480,1
374x528x528,1
288x31x288,1
172x288x288,1
26x320x320,1
320x294x25,1
384x354x25,1
304x304x27,1
355x768x768,1
30x336x336,1
152x288x288,1
165x320x320,1
352x31x352,1
262x320x28,1
162x192x32,1
204x256x15,1
276x320x27,1
304x380x27,1
332x384x27,1
552x640x27,1
304x280x25,1
208x256x46,1
560x640x32,1
784x896x32,1
256x256x163,1
256x256x161,1
440x512x29,1
248x304x28,1
314x384x28,1
300x320x31,1
164x192x32,1
312x384x26,1
256x256x187,1
640x640x46,1
544x544x46,1
280x320x24,1
512x640x29,1
256x320x40,1
248x320x35,1
364x448x34,1
212x256x28,1
608x640x32,1
260x320x36,1
416x512x28,1
624x768x31,1
216x256x46,1
224x256x37,1
304x264x26,1
384x332x26,1
192x192x91,1
272x320x15,1
624x768x30,1
408x512x40,1
354x528x528,1
1024x195x1024,1
512x512x264,1
320x32x320,1
1024x196x1024,1
448x640x35,1
520x640x27,1
272x320x41,1
180x231x225,1
215x512x512,1
219x432x432,1
170x288x240,1
370x768x768,1
1024x198x1024,1
432x432x30,1
372x528x528,1
288x320x37,1
640x640x163,1
276x320x33,1
219x352x352,1
201x320x320,1
358x512x512,1
125x384x384,1
256x221x256,1
416x512x29,1
162x192x31,1
432x432x110,1
256x256x194,1
512x512x173,1
624x768x33,1
500x640x32,1
432x512x22,1
240x256x32,1
214x256x22,1
204x256x24,1
212x256x24,1
252x320x25,1
208x256x25,1
448x512x144,1
264x320x25,1
155x226x229,1
170x216x225,1
256x197x256,1
224x180x224,1
360x560x560,1
1024x193x1024,1
217x512x512,1
400x576x576,1
256x34x256,1
193x320x320,1
170x213x208,1
480x32x480,1
340x576x576,1
338x528x528,1
184x512x512,1
1024x66x1024,1
224x28x224,1
512x413x512,1
397x720x720,1
375x528x528,1
210x320x320,1
386x528x528,1
240x432x432,1
190x400x400,1
211x320x320,1
350x1008x1008,1
315x448x448,1
187x512x512,1
1024x1024x53,1
375x576x576,1
25x256x224,1
23x480x480,1
210x336x336,1
200x448x448,1
351x528x528,1
512x385x512,1
390x512x512,1
175x213x167,1
400x704x704,1
210x384x384,1
167x189x165,1
156x183x161,1
160x173x159,1
310x384x384,1
155x288x288,1
177x288x288,1
512x382x512,1
182x288x288,1
163x197x166,1
162x197x154,1
171x186x155,1
157x177x166,1
163x188x163,1
169x177x168,1
173x193x165,1
164x174x162,1
288x33x288,1
31x256x256,1
161x184x196,1
176x190x178,1
158x186x198,1
168x168x199,1
158x176x164,1
156x184x162,1
158x186x197,1
169x194x162,1
170x178x200,1
157x176x151,1
168x189x165,1
166x194x159,1
162x179x192,1
174x191x154,1
163x190x161,1
172x193x173,1
163x176x168,1
161x188x170,1
153x178x145,1
160x190x167,1
164x197x171,1
158x189x165,1
175x200x172,1
165x196x167,1
159x195x166,1
168x200x187,1
166x182x148,1
176x173x200,1
164x193x182,1
171x212x200,1
191x320x320,1
560x30x560,1
311x448x448,1
160x182x169,1
158x182x166,1
169x204x200,1
160x180x128,1
172x189x166,1
164x184x164,1
160x176x188,1
162x187x145,1
165x185x161,1
162x182x179,1
155x187x156,1
162x183x166,1
161x190x139,1
165x174x200,1
167x178x168,1
164x191x153,1
163x181x142,1
167x178x176,1
171x181x200,1
154x191x172,1
164x195x151,1
168x195x191,1
163x188x200,1
159x179x200,1
161x188x190,1
170x203x200,1
172x184x200,1
164x185x144,1
166x189x200,1
170x190x158,1
169x190x157,1
163x177x200,1
170x202x200,1
155x174x168,1
169x182x200,1
169x195x160,1
173x188x149,1
167x169x159,1
164x185x161,1
166x200x148,1
176x196x157,1
169x202x132,1
163x187x173,1
176x198x154,1
157x175x176,1
168x199x156,1
169x192x155,1
170x190x155,1
159x180x196,1
164x173x168,1
164x179x200,1
158x189x154,1
166x182x178,1
176x189x172,1
161x191x155,1
161x195x162,1
161x195x153,1
176x212x200,1
164x183x169,1
167x185x200,1
161x194x161,1
158x192x199,1
168x194x189,1
160x184x170,1
163x195x200,1
162x184x162,1
161x183x200,1
162x195x140,1
164x183x152,1
165x188x157,1
171x193x161,1
167x203x200,1
161x194x147,1
176x207x200,1
171x200x159,1
166x192x195,1
169x199x181,1
162x184x147,1
168x190x157,1
164x191x146,1
170x197x162,1
162x184x151,1
160x194x197,1
166x173x196,1
173x193x160,1
167x189x200,1
169x209x200,1
176x184x143,1
170x186x149,1
171x193x196,1
165x185x166,1
164x185x163,1
155x188x192,1
164x208x153,1
167x201x200,1
162x186x155,1
147x187x160,1
161x201x161,1
173x208x200,1
162x195x155,1
165x185x189,1
157x176x160,1
175x193x169,1
160x194x152,1
164x189x200,1
159x185x158,1
169x205x200,1
162x186x140,1
166x179x178,1
163x181x171,1
176x191x179,1
175x205x200,1
170x192x200,1
161x183x158,1
173x192x166,1
175x197x154,1
159x187x157,1
165x201x166,1
174x187x172,1
159x178x163,1
162x175x200,1
161x183x160,1
156x176x163,1
169x188x158,1
168x191x167,1
164x174x197,1
174x197x200,1
158x170x169,1
166x199x181,1
154x186x175,1
163x180x195,1
153x191x200,1
157x190x196,1
158x180x138,1
161x179x163,1
164x182x168,1
175x191x200,1
167x205x154,1
159x171x182,1
168x181x154,1
166x172x164,1
172x183x197,1
161x179x168,1
169x181x160,1
171x207x200,1
170x194x200,1
165x188x148,1
166x198x200,1
170x192x166,1
164x191x145,1
165x180x164,1
171x196x196,1
172x183x172,1
164x183x157,1
167x197x200,1
171x193x200,1
167x182x154,1
159x184x170,1
174x198x193,1
164x186x200,1
168x183x147,1
164x198x140,1
167x189x149,1
167x183x196,1
174x192x195,1
360x720x720,1
355x560x560,1
1024x176x1024,1
206x320x320,1
384x200x384,1
158x288x288,1
194x512x512,1
359x512x512,1
172x201x152,1
171x199x152,1
173x188x200,1
167x187x186,1
171x200x196,1
160x238x191,1
29x288x288,1
28x512x512,1
167x172x162,1
173x196x162,1
163x173x177,1
159x191x200,1
168x188x181,1
167x185x162,1
176x188x167,1
175x188x157,1
173x191x149,1
163x185x153,1
175x173x200,1
174x196x161,1
169x203x185,1
173x198x199,1
155x181x167,1
153x180x161,1
162x186x167,1
160x181x167,1
163x195x188,1
162x181x159,1
169x192x168,1
164x196x159,1
174x189x200,1
153x174x159,1
166x199x164,1
175x193x200,1
160x179x158,1
171x198x179,1
165x169x168,1
170x206x159,1
172x196x165,1
165x188x184,1
164x175x162,1
171x201x200,1
167x195x167,1
161x188x200,1
160x182x184,1
167x179x165,1
165x194x200,1
172x218x157,1
432x432x40,1
152x188x132,1
170x209x155,1
168x195x169,1
160x191x198,1
166x199x156,1
159x189x167,1
156x185x151,1
159x180x160,1
169x190x193,1
160x186x166,1
174x207x200,1
163x198x171,1
169x203x159,1
163x172x167,1
175x186x168,1
170x188x200,1
166x193x169,1
158x192x178,1
165x213x175,1
168x180x195,1
165x213x174,1
167x200x139,1
153x172x154,1
164x166x173,1
161x171x170,1
171x192x168,1
165x203x162,1
165x196x193,1
157x177x163,1
166x182x153,1
175x198x200,1
165x191x200,1
166x173x156,1
166x182x200,1
153x183x152,1
173x198x180,1
170x183x200,1
165x175x156,1
161x193x166,1
172x178x153,1
159x191x155,1
155x188x145,1
169x190x200,1
176x184x196,1
159x179x166,1
165x172x142,1
161x184x191,1
174x185x181,1
170x182x200,1
164x187x200,1
170x195x170,1
169x194x200,1
173x192x199,1
167x185x197,1
167x201x159,1
170x189x174,1
167x189x172,1
162x196x200,1
168x194x161,1
165x191x197,1
171x187x164,1
164x191x151,1
165x184x181,1
167x179x200,1
169x186x177,1
167x185x134,1
161x189x200,1
171x185x183,1
164x187x172,1
161x187x162,1
166x184x198,1
176x199x182,1
169x173x200,1
155x188x167,1
176x254x191,1
165x192x160,1
166x196x200,1
161x176x152,1
166x178x200,1
174x174x200,1
174x199x200,1
161x190x199,1
169x188x154,1
169x175x163,1
158x179x165,1
166x184x161,1
168x195x155,1
156x179x150,1
170x191x200,1
161x187x200,1
168x174x200,1
167x194x200,1
166x180x159,1
172x193x200,1
168x182x177,1
173x199x151,1
164x198x200,1
170x200x200,1
172x198x164,1
157x188x163,1
165x189x157,1
173x188x159,1
168x178x170,1
164x185x200,1
175x208x161,1
168x173x153,1
162x178x200,1
170x193x156,1
170x180x195,1
162x174x167,1
176x197x147,1
161x181x148,1
168x196x165,1
170x194x175,1
157x193x200,1
173x191x153,1
164x189x196,1
164x180x132,1
165x175x166,1
163x180x158,1
156x198x178,1
167x184x155,1
167x197x168,1
174x189x168,1
163x192x164,1
170x196x183,1
174x201x163,1
169x185x197,1
160x177x200,1
165x189x159,1
170x201x133,1
157x187x200,1
161x198x166,1
159x190x151,1
162x195x198,1
173x199x155,1
173x180x200,1
340x672x672,1
512x512x248,1
28x512x384,1
640x31x640,1
327x672x672,1
310x352x352,1
161x181x200,1
168x191x145,1
162x194x200,1
174x201x190,1
160x194x171,1
174x199x152,1
172x192x200,1
173x192x158,1
176x194x188,1
171x199x200,1
157x190x199,1
168x171x155,1
171x196x145,1
169x206x154,1
166x198x160,1
166x184x145,1
156x185x143,1
158x187x180,1
170x181x167,1
163x195x160,1
174x198x200,1
167x180x150,1
172x182x200,1
174x199x155,1
192x256x29,1
176x206x200,1
170x206x200,1
174x192x157,1
176x210x137,1
176x198x200,1
176x216x200,1
172x201x200,1
170x201x185,1
176x190x174,1
167x210x200,1
173x184x166,1
192x256x52,1
192x256x36,1
177x256x256,1
192x256x54,1
158x180x200,1
167x200x186,1
169x201x197,1
169x178x189,1
176x202x157,1
174x201x200,1
160x177x163,1
168x185x164,1
206x384x384,1
560x560x27,1
182x512x512,1
166x185x163,1
176x199x200,1
162x195x200,1
165x180x174,1
158x186x182,1
173x224x200,1
157x216x197,1
176x232x200,1
162x216x199,1
167x209x185,1
175x216x174,1
159x191x184,1
158x192x192,1
170x202x198,1
176x241x200,1
158x210x188,1
157x201x200,1
158x207x193,1
169x215x200,1
159x216x184,1
164x192x193,1
176x189x200,1
173x175x200,1
175x197x179,1
175x210x148,1
166x195x157,1
176x201x200,1
166x214x187,1
160x206x192,1
172x223x200,1
176x183x200,1
173x186x140,1
165x199x200,1
168x199x200,1
169x203x200,1
170x216x134,1
176x195x200,1
163x215x184,1
163x217x200,1
176x213x198,1
165x193x194,1
150x201x169,1
165x214x165,1
160x227x178,1
170x227x200,1
155x202x200,1
148x200x184,1
159x210x196,1
161x214x196,1
169x212x184,1
169x220x164,1
164x210x195,1
166x199x195,1
165x220x200,1
151x197x191,1
155x215x182,1
162x200x199,1
157x208x189,1
176x233x200,1
155x209x187,1
156x222x182,1
153x203x194,1
176x229x185,1
155x205x171,1
164x225x186,1
151x194x193,1
176x230x167,1
153x204x158,1
164x217x200,1
176x234x168,1
159x202x200,1
159x212x193,1
147x201x186,1
175x218x193,1
157x189x191,1
171x226x180,1
171x229x189,1
162x200x183,1
176x221x167,1
161x237x196,1
157x220x194,1
163x205x180,1
153x199x194,1
176x216x163,1
165x224x190,1
162x194x163,1
160x208x170,1
159x199x192,1
156x212x200,1
150x191x200,1
174x209x189,1
174x216x181,1
157x200x200,1
176x225x193,1
161x211x167,1
155x191x188,1
160x198x193,1
163x210x183,1
160x208x167,1
157x220x197,1
158x199x192,1
162x204x194,1
166x218x160,1
157x208x196,1
149x198x192,1
156x189x194,1
158x184x195,1
162x216x192,1
195x560x560,1
151x200x193,1
160x201x200,1
176x220x198,1
171x188x193,1
157x219x198,1
176x192x196,1
163x204x176,1
176x225x200,1
157x210x187,1
165x195x194,1
176x205x195,1
154x208x192,1
157x205x191,1
155x210x189,1
154x203x200,1
151x195x188,1
176x212x195,1
161x218x196,1
163x218x179,1
152x208x189,1
168x214x186,1
150x206x161,1
166x214x194,1
176x213x170,1
808x22x640,1
322x320x15,1
628x640x22,1
548x544x26,1
644x640x27,1
644x640x15,1
696x21x640,1
320x320x160,1
448x180x448,1
256x256x141,1
256x183x256,1
320x320x120,1
256x20x256,1
256x17x256,1
640x32x640,1
320x25x320,1
192x232x200,1
192x254x200,1
192x241x203,1
104x128x128,1
206x256x256,1
288x112x384,1
288x256x256,1
320x320x208,1
192x273x250,1
192x246x250,1
192x254x222,1
192x246x247,1
192x274x250,1
192x286x250,1
192x259x250,1
192x243x202,1
175x224x256,1
560x560x200,1
288x288x155,1
320x320x100,1
560x560x174,1
513x513x99,1
352x352x135,1
640x640x90,1
1024x53x1024,1
288x288x83,1
220x192x256,1
336x336x87,1
59x256x256,1
336x336x90,1
336x336x117,1
166x224x256,1
126x194x179,1
207x255x176,1
127x256x256,1
127x198x200,1
162x188x166,1
128x201x200,1
256x208x176,1
167x179x162,1
512x23x512,1
256x23x256,1
256x190x256,1
46x240x256,1
81x256x256,1
173x192x169,1
185x176x158,1
121x188x146,1
