spacing,count
1.0x1.0x1.0,64030
2.0x2.0x2.0,39254
1.25x1.25x1.25,32535
0.8x0.8x0.8,10728
1.7981x1.7981x1.8,8931
0.4492x0.4492x5.0,6407
0.7986x0.7986x3.0,5452
0.7x0.7x0.7,5331
1.5x1.5x1.5,5090
0.7188x0.7188x5.0,4552
1.0x0.9766x0.9766,4027
1.05x1.05x1.05,3938
1.25x1.0x1.0,3801
0.8984x0.8984x5.0,3721
1.7x1.7x1.7,2456
1.0x1.0x3.0,2356
0.9375x0.9375x6.0,2322
1.2x1.1979x1.1979,2232
1.1458x1.1458x2.0,2058
0.3594x0.3594x5.0,1981
0.8594x0.8594x5.0,1838
1.0x1.0x2.0,1818
0.4297x0.4297x5.0,1805
0.25x1.0x0.25,1787
1.33x1.0x1.0,1692
0.9x0.8984x0.8984,1673
2.1429x2.1429x2.2,1666
1.75x1.75x3.0,1494
0.6875x0.6875x5.0,1434
2.0x2.0x4.0,1396
0.7188x0.7188x3.0,1363
0.9999x1.0x1.0,1357
1.6912x1.6912x1.7,1172
1.7188x1.7188x5.0,1037
0.9375x0.9x0.9375,1031
2.5x2.5x3.0,1024
0.6667x0.6667x0.67,1022
3.0x3.0x3.0,973
1.75x1.75x2.0,968
1.7143x1.7143x1.7,954
0.9375x0.9375x1.25,954
1.8125x1.8125x2.0,916
0.9x0.9375x0.9375,886
1.1058x1.1058x6.0,882
1.875x1.875x2.0,850
2.5x2.5x2.5,813
1.875x1.875x2.5,812
0.449x0.449x2.5,800
0.9375x0.9375x1.0,789
0.4492x0.4492x6.5,732
2.0175x2.0175x4.0,726
2.7073x2.7073x2.7,723
0.7813x0.7813x2.2,712
1.7966x1.7966x1.8,712
1.0x0.9375x0.9375,707
0.8984x0.8984x6.0,689
0.4688x0.4688x5.0,685
1.2x0.9375x0.9375,671
0.4492x0.4492x3.0,608
2.0x2.0x6.0,598
0.4492x0.4492x0.9,590
0.8984x0.8984x0.9,580
0.9x0.4892x0.4892,578
1.7969x1.7969x2.5,572
1.9792x1.9792x2.0,570
2.0192x2.0192x2.0,557
0.4492x0.4492x5.5,540
1.0224x1.0224x6.0,526
0.4688x0.4688x0.8,508
0.9x0.8594x0.8594,504
0.75x0.75x2.0,499
1.7188x1.7188x3.4,480
0.8594x0.8594x6.0,471
0.5x0.4749x0.4749,470
0.75x0.75x5.0,464
0.3438x0.3438x5.0,463
3.0x3.0x5.0,433
0.7x0.641x0.641,420
1.1x1.0x1.0,398
1.75x1.75x2.35,396
0.75x0.75x3.0,395
2.3958x2.3958x2.5,390
0.3906x2.0x0.3906,385
0.7188x0.7187x5.0,379
0.9375x0.9375x2.6,377
1.7986x1.7986x1.8,375
0.9375x0.9375x5.0,374
0.6875x0.6875x7.0,370
0.4297x0.4297x6.5,367
0.7999x0.8x0.8,358
1.7188x1.7188x1.7,356
0.8594x0.8594x6.5,354
1.6x1.6x1.6,350
0.94x0.9414x0.9414,339
2.3x2.3x2.3,336
0.599x0.599x6.0,334
2.2x2.2x2.2,334
0.8594x0.8594x7.0,332
3.4375x3.4375x6.0,332
0.75x0.75x0.75,332
0.9375x0.9375x1.2,329
0.4688x0.4688x6.5,319
0.4688x0.4688x6.0,305
0.6667x1.34x0.6667,293
0.94x0.9375x0.9375,288
0.7187x0.7188x5.0,283
0.8594x0.8594x2.2,283
1.0417x1.0417x6.0,282
0.3438x0.3438x3.3,282
0.5x0.5x0.5,276
1.7266x1.7266x4.0,272
0.4297x2.0x0.4297,266
0.2865x0.2865x3.3,265
0.4297x0.4297x7.0,261
1.875x1.875x2.47,260
0.9766x0.9766x1.0,257
0.8x0.8008x0.8008,241
2.0x2.0x3.3,240
0.375x0.375x5.0,239
0.8594x0.8594x4.0,239
1.0x0.5x0.5,238
3.4375x3.4375x7.8,238
1.875x1.875x4.0,237
1.75x1.75x2.8,234
2.2031x2.2031x2.2,228
0.6x0.6x0.6,227
0.4911x0.4911x3.3,220
0.88x0.875x0.875,213
0.9328x0.9328x6.0,212
0.83x0.8x0.8,210
2.0x2.0x3.0,207
0.8984x0.8984x6.5,207
1.875x1.875x3.5,207
0.4688x0.4688x1.3,206
0.75x1.5x0.75,205
0.5x0.4911x0.4911,205
1.2x1.0547x1.0547,204
0.8594x0.8594x5.5,200
0.9375x0.9375x1.7,198
0.5x0.4839x0.4839,196
0.8438x0.8438x3.0,195
0.4492x0.4492x6.0,194
0.7x0.7018x0.7018,192
1.7188x1.7187x5.0,185
1.75x1.75x2.9999,182
0.4883x0.4883x1.0,176
0.2995x0.2995x5.0,173
1.0x0.4688x0.4688,167
1.5x1.5x2.0,165
0.4883x0.4883x5.0,165
1.2x1.0x1.0,164
0.9766x0.9766x6.0,163
1.7187x1.7188x5.0,162
0.6027x1.0x0.6027,162
0.8x0.7986x0.7986,162
2.0x1.0x1.0,161
0.8x0.7778x0.7778,159
1.0x1.0x0.9999,159
0.9375x1.1x0.9375,158
1.0x0.5039x0.5039,158
0.4297x0.4297x6.0,157
0.4375x1.8x0.4375,153
0.2148x1.0x0.2148,152
0.293x0.293x2.2,150
1.0x0.4883x0.4883,148
0.8x0.5x0.5,148
0.599x0.599x5.5,143
1.9672x1.9672x2.0,140
0.3516x0.3516x3.3,140
1.875x1.875x3.0,140
1.0x1.3333x1.3333,138
1.9643x1.9643x2.0,137
1.9643x1.9643x2.2,134
1.75x1.75x3.0001,130
0.9375x0.9375x2.5,130
0.4688x0.4688x4.0,129
1.7422x1.7422x1.7,127
0.8594x0.8594x1.1,127
0.8x0.7969x0.7969,127
0.9x0.4492x0.4492,125
0.9998x1.0x1.0,125
0.4492x0.4492x7.0,125
0.5x0.4369x0.4369,125
0.8438x0.8438x2.4,120
1.1458x1.1458x2.5,120
1.0x0.8681x0.8681,118
0.9464x0.9464x1.0,118
0.8918x6.0x0.8918,116
0.9412x0.9412x7.0,115
3.75x3.75x3.75,114
1.0x0.9667x0.9667,114
0.8681x0.8681x1.0,113
0.8594x0.8594x1.3,112
0.8008x0.8008x0.8,112
1.8286x1.8286x1.8,112
1.0x1.0417x1.0417,110
1.0x0.9236x0.9236,110
0.8594x0.8594x3.0,110
1.2x1.25x1.25,110
2.2917x2.2917x2.3,108
1.0156x1.0156x1.2,106
0.9375x0.9375x1.5,102
0.4688x0.4688x1.0,99
0.4688x0.4688x0.7,99
1.5625x1.5625x1.5625,99
0.9375x0.9375x2.0,97
0.4795x8.0x0.4795,96
0.78x0.7812x0.7812,90
1.1022x1.1022x1.1,90
0.575x6.0x0.575,89
0.6x0.4688x0.4688,89
0.3906x0.3906x5.0,89
3.9x0.558x0.558,87
1.5625x1.5625x4.0,86
1.0x1.0x2.0001,85
0.2995x0.2995x1.0,84
0.7188x0.7188x6.5,83
0.63x0.625x0.625,81
0.7292x0.7292x0.7,81
3.0x3.0x5.0002,80
0.8594x0.8594x1.2,79
1.0x1.0x1.9999,79
0.7986x0.7986x1.0,79
0.9375x0.9375x1.3,79
0.8789x0.8789x5.0,78
0.7292x0.7x0.7292,78
0.4323x1.5x0.4323,74
0.4062x0.4062x3.0,74
0.3906x0.3906x2.0,74
0.4688x0.4688x7.0,74
0.8594x0.8594x2.0,73
0.4102x0.4102x0.55,72
0.2637x0.2637x0.8,72
0.8984x0.8984x7.0,72
0.3906x1.6x0.3906,72
0.4023x2.0x0.4023,71
1.0x0.9437x0.9437,68
1.5625x1.5625x5.0,68
3.0x3.0x4.9998,67
0.6875x0.6875x6.5,67
0.3906x0.4x0.3906,66
0.5x0.5x4.0,66
1.0x0.875x0.875,66
3.0x3.0x5.0001,65
0.4687x0.4688x0.8,65
4.0x0.2934x0.2934,64
1.5x0.6024x0.6024,64
1.8929x1.8929x2.2,64
1.0x1.0156x1.0156,64
2.0x2.0x3.3001,64
1.75x1.75x2.9998,62
0.5324x6.0x0.5324,61
0.9x0.7812x0.7812,61
3.0x3.0x4.9999,60
1.0x0.651x0.651,58
7.5x0.4697x0.4697,58
0.8681x0.8681x6.0,58
2.0x2.0x2.3,57
0.6x0.597x0.597,57
0.8594x0.8594x2.2001,56
2.0x2.0x3.2999,56
0.9766x0.9766x5.0,56
0.5x0.2507x0.2507,55
0.9999x0.9531x0.9531,55
0.7065x0.7x0.7065,54
0.5x0.4286x0.4286,54
0.8x0.75x0.75,54
0.9375x0.9375x0.9,53
0.9375x5.0001x0.9375,53
1.7187x1.7188x1.7,52
0.5729x0.5729x3.9,52
1.7969x1.7969x3.0,52
0.4688x0.4687x0.8,52
1.3281x1.0x1.0,52
0.875x0.875x1.0,51
1.0156x1.0156x1.4,51
1.0x0.977x0.977,51
0.4219x0.4219x3.0,51
0.9375x5.0x0.9375,50
1.2x1.2448x1.2448,50
0.8984x6.0x0.8984,50
0.85x0.8333x0.8333,50
0.459x0.459x5.0,50
1.2x0.5x0.5,49
0.4297x1.8x0.4297,49
0.8203x0.8203x6.0,49
0.2446x1.0x0.2446,49
0.625x0.625x2.5,48
1.0417x1.0417x1.1,48
0.4375x1.5x0.4375,48
2.0x2.0x3.3002,48
6.0x0.7576x0.7576,48
0.5x0.4883x0.4883,47
0.5x0.4688x0.4688,47
0.78x0.78x4.0,47
0.449x0.449x6.0,46
0.4688x0.4687x5.0,46
1.0x0.984x0.984,46
0.5x0.5x0.6,46
0.8984x0.8984x3.6,46
0.9375x0.9375x7.0,45
0.8333x0.8333x6.0,45
0.5556x0.5556x6.0,45
0.918x0.918x5.0,45
1.0x0.9999x1.0,44
0.449x0.449x2.4999,44
2.1x2.1x2.1,44
0.7188x0.7188x7.0,44
0.7812x0.7812x5.0,43
3.0x3.0x5.0003,43
1.3021x1.3021x6.0,42
1.0729x3.0x1.0729,42
0.3437x0.3438x5.0,42
1.2x1.0667x1.0667,42
1.75x1.75x3.0002,42
0.625x0.625x1.0,42
1.0x1.0001x1.0,41
0.73x0.7273x0.7273,41
1.0x1.0x4.0,41
0.4492x6.0x0.4492,41
0.88x1.2x0.88,41
0.9375x0.9375x3.0,41
0.8203x0.8203x5.5,40
0.9375x4.9999x0.9375,40
0.2734x0.2734x0.5,39
1.0x0.9998x1.0,39
1.2x1.111x1.111,38
0.6875x1.675x0.6875,38
0.4883x0.4883x6.5,38
0.9375x1.0998x0.9375,38
0.6x0.4911x0.4911,38
0.9375x1.1002x0.9375,38
0.64x0.641x0.641,37
0.449x0.449x2.5001,37
3.9x0.7812x0.7812,37
0.8594x0.8594x2.1999,37
0.35x0.35x0.35,36
0.9386x0.9386x6.0,36
1.4x1.4x1.4,36
1.0x1.0x1.2,36
0.7813x0.7813x2.1999,36
0.4785x0.4785x5.0,36
1.7188x1.7187x1.7,36
1.0x1.0002x1.0,35
0.7344x0.7344x5.0,35
0.8594x0.8594x1.5,35
1.3x1.3281x1.3281,35
1.1016x1.1x1.1016,35
0.3906x3.0x0.3906,35
0.25x0.25x1.0,34
1.0x0.9531x0.9531,34
0.9375x0.9375x6.5,34
0.4785x0.4785x1.0,34
0.3125x0.3125x2.2,34
1.0x1.0x1.9,34
0.8x0.8047x0.8047,34
0.5859x0.5859x2.2,34
0.2455x0.2455x5.0,34
0.7x0.4297x0.4297,33
0.8333x0.8333x6.5,33
0.7x0.6818x0.6818,32
0.56x0.6522x0.6522,32
0.7813x0.7813x2.2001,32
0.3906x0.3906x1.0,32
0.9375x0.9375x0.5,32
0.2468x1.0x0.2468,32
0.7813x0.7813x4.0,32
4.0x3.9298x7.0,32
0.9704x0.9704x6.0,32
0.9x0.625x0.625,32
2.0x2.0x3.2998,32
0.3438x0.3437x5.0,32
6.0x0.4492x0.4492,32
0.9989x0.9989x1.0,31
0.7812x0.7813x4.0,31
4.0x3.9298x6.0,31
6.5x0.9766x0.9766,31
0.5994x0.5994x0.6,31
1.3x1.3021x1.3021,31
0.8918x0.8918x6.0,31
1.0x1.0x1.0001,31
0.9999x0.9766x0.9766,30
0.625x0.625x3.3,30
0.95x0.9492x0.9492,30
0.7812x0.7812x4.0,30
7.5x0.9412x0.9412,29
0.9375x0.9375x3.5,29
1.0x0.5078x0.5078,29
3.0x3.0x4.9997,29
0.8984x0.8984x3.2,29
1.0x1.0x1.4,29
0.3438x0.3437x3.3,28
1.0938x1.0938x2.0,28
0.4297x0.4297x5.2,28
0.2455x1.0x0.2455,28
2.0313x2.0313x2.2,28
0.6x0.599x0.599,28
0.9375x0.9375x4.0,27
3.125x3.125x6.0,27
0.5x1.5x0.5,27
0.9999x0.4883x0.4883,27
0.5x0.4792x0.4792,26
0.5729x0.5729x3.3,26
0.7x0.7027x0.7027,26
0.375x0.375x5.5,26
1.34x0.7812x0.7812,26
1.0x0.8889x0.8889,26
0.3672x0.3672x5.0,26
0.3437x0.3438x3.3,26
0.9375x0.9375x1.0001,25
0.9375x5.0002x0.9375,25
0.8984x0.8984x5.5,25
0.6375x0.6375x2.0,25
0.625x0.625x3.0,25
0.4395x0.4395x5.0,24
0.8594x0.8594x6.4996,24
0.9766x1.0x0.9766,24
0.4687x0.4688x5.0,24
0.7187x0.7187x5.0,24
1.697x1.697x2.0,24
1.5x1.5x4.0,24
0.3438x0.3438x3.9,24
1.0x1.4x1.0,24
0.5227x0.5227x6.0,24
0.4687x0.4687x0.8,24
0.4018x0.4018x2.75,24
0.4688x0.4688x0.6,23
1.0002x1.0x1.0,23
0.9001x0.8984x0.8984,23
2.0x2.0x1.9999,23
0.3438x0.3438x5.2,23
1.0x0.8x0.8,23
1.0x0.9836x0.9836,23
0.9766x0.9766x0.9,22
0.4297x0.4297x0.35,22
0.4492x0.4492x5.2,22
0.5787x0.5787x6.0,22
0.9375x1.0997x0.9375,22
0.9x0.9258x0.9258,22
0.2344x0.2344x5.0,22
1.7187x1.7187x5.0,22
0.9375x4.9998x0.9375,21
0.4102x0.4102x5.0,21
0.9375x1.0999x0.9375,21
0.8594x0.8594x2.3,21
0.7188x0.7188x6.0,21
3.3x0.7812x0.7812,21
0.9375x0.9375x1.8,21
0.8x0.8333x0.8333,21
0.9x0.7812x0.7813,21
0.3594x0.3594x5.2,21
0.81x0.4492x0.4492,21
1.0x0.9722x0.9722,21
0.8594x0.8594x5.8,20
0.6999x0.6667x0.6667,20
0.9375x1.1001x0.9375,20
1.0714x1.1x1.0714,20
0.9375x0.9375x0.9999,20
0.8594x0.8594x6.4998,20
0.5x0.5x1.0,20
0.9998x0.9531x0.9531,20
0.8214x0.8214x6.0,20
0.2604x0.2604x3.3,20
0.4792x0.4792x6.0,20
0.3125x0.3125x3.3,20
0.4911x0.4911x3.6,20
0.6875x0.6875x6.0,19
0.3125x0.3125x5.0,19
0.8594x0.8594x6.4999,19
1.0x0.7812x0.7812,19
0.4297x0.4297x5.5,19
0.7656x0.7656x5.0,19
1.2x0.8889x0.8889,19
0.9958x0.9958x6.0,18
0.8594x0.8594x6.4997,18
0.4412x0.4412x5.0,18
1.5x0.8594x0.8594,18
0.5x0.5x6.0,18
1.0001x1.0x1.0,18
0.4688x0.4688x0.7998,18
1.875x1.875x2.35,18
0.599x0.599x5.0,18
0.8889x0.8889x1.2,18
0.9766x6.5x0.9766,17
1.2x0.9766x0.9766,17
0.8594x0.8594x5.7,17
1.0x1.0x6.0,17
0.5729x0.5729x5.0,17
0.64x0.625x0.625,17
1.15x1.15x1.05,16
0.75x0.75x6.0,16
0.625x0.625x2.2,16
0.6x0.5964x0.5964,16
0.4883x0.4883x6.5001,16
0.5357x0.5357x5.0,16
5.0x0.5078x0.5078,16
0.4792x0.4792x4.4,16
1.0x1.1458x1.1458,16
0.9375x1.1003x0.9375,15
0.4412x0.4412x5.5,15
0.8594x0.8594x6.4995,15
0.4492x0.4492x6.5001,15
2.0x2.0x2.0001,15
0.5134x0.5134x3.3,15
0.2344x0.2344x0.7,15
0.4883x0.4883x2.0,15
0.3516x0.3516x0.5,15
0.9x0.5556x0.5556,15
0.6875x0.6875x4.8,15
1.25x1.25x2.5,14
0.4297x0.4297x4.0,14
1.0156x1.0156x6.0,14
2.0192x2.0192x2.0001,14
0.9063x0.9063x2.0,14
1.25x1.25x1.3,14
0.449x0.449x6.0002,14
0.4102x3.4x0.4102,14
0.4492x0.4492x6.4997,14
0.4688x0.4688x0.7999,14
0.9x0.7813x0.7812,14
0.5x0.5x2.2,14
0.4688x0.4688x0.8001,14
0.332x0.332x2.2,14
0.293x0.293x2.4,14
0.94x0.94x1.0,14
0.78x0.78x3.0,14
0.7692x0.7692x6.0,14
0.4911x0.4911x5.0,14
0.4883x0.4883x2.0011,13
0.7812x0.7813x5.0,13
0.8594x0.8594x6.5001,13
1.34x0.7812x0.7813,13
7.0312x7.0312x14.0,13
0.5078x0.5078x5.0,13
0.3984x0.3984x6.0,13
0.8594x0.8594x1.8,13
0.8984x0.8984x3.6001,13
0.9375x4.9997x0.9375,13
0.5469x0.5469x0.7,13
0.63x0.5926x0.5926,12
0.4687x0.4687x6.0,12
1.2468x1.2468x1.8,12
0.9375x2.0x0.9375,12
1.0x1.0045x1.0045,12
1.7187x1.7187x1.7,12
0.5x0.4896x0.4896,12
0.7031x0.7031x5.0,12
0.7x0.7292x0.7292,12
1.7981x1.7981x2.4,12
0.8984x0.8984x7.5,12
1.8281x1.8281x2.35,12
0.4883x0.4883x6.0,12
0.8125x0.8125x6.0,12
0.8x0.8015x0.8015,12
0.2604x0.2604x0.5,11
0.8594x0.8594x1.0,11
0.55x0.3906x0.3906,11
0.4687x0.4688x6.0,11
0.5078x0.5078x6.5,11
0.9375x0.9375x3.4999,11
1.0x1.0003x1.0,11
0.8984x0.8984x3.5999,11
0.3x0.3x0.3,11
0.9375x0.9375x3.5001,11
0.3125x0.3125x0.4,11
0.4297x0.4297x4.8,11
0.375x0.375x2.5,11
1.0x0.9997x1.0,11
0.8984x0.8984x10.0,11
0.78x0.7813x0.7813,11
0.4492x0.4492x6.4998,11
0.4286x0.4286x6.5,11
0.94x0.94x2.5,10
0.293x0.293x0.3,10
0.4688x0.4688x5.2,10
1.0x1.0x1.21,10
0.6x0.5556x0.5556,10
0.957x0.957x5.0,10
0.4492x0.4492x6.4999,10
0.94x0.94x1.5,10
1.0714x1.0714x1.1,10
0.2604x0.2604x0.32,10
0.8955x0.8955x6.0,10
0.5625x0.5625x2.2,10
0.9x0.875x0.875,9
1.0003x1.0x1.0,9
1.0x1.0547x1.0547,9
0.7188x0.7188x4.0,9
0.3828x0.3828x5.0,9
0.2417x1.0x0.2417,9
0.4688x0.4688x5.5,9
1.0156x1.0156x1.0,9
3.5996x1.7188x1.7188,9
1.0x0.8x1.0,9
0.4688x0.4688x3.0,9
0.2865x0.2865x0.5,9
0.5x0.45x0.45,9
0.8594x0.8594x5.0004,9
0.25x0.25x0.25,9
0.3516x0.3516x2.2,8
0.8594x6.0x0.8594,8
0.7187x0.7188x3.0,8
1.0004x1.0x1.0,8
1.0547x1.2x1.0547,8
1.4062x1.4062x3.0,8
0.9727x0.9727x6.0,8
1.2x1.0156x1.0156,8
0.1563x2.3x0.1563,8
0.4492x0.4492x10.0,8
2.0x2.0x3.3003,8
1.2x1.3333x1.3333,8
0.65x0.65x0.65,8
0.5078x0.5078x1.0,8
1.061x1.06x1.061,8
0.4492x0.4492x6.5002,8
0.7813x0.7812x5.0,8
0.7927x6.0x0.7927,8
0.5208x0.5208x6.0,8
6.0x0.8594x0.8594,8
0.3125x2.8x0.3125,8
0.4102x0.4102x4.8,8
0.821x0.821x0.82,8
0.9375x0.9375x5.5,8
1.7188x1.7188x5.2,8
0.7812x0.7812x7.0,8
0.3438x0.3438x3.6,8
0.3281x0.3281x3.3,8
0.4911x0.4911x3.45,8
0.3993x0.3993x4.4,8
6.0x0.4883x0.4883,8
0.57x1.0417x1.0417,8
0.8594x0.8594x5.2,8
1.0005x1.0x1.0,7
0.8984x0.8984x6.2,7
0.8x0.781x0.781,7
6.5x0.5078x0.5078,7
0.75x0.75x7.0,7
0.9766x0.9766x3.0,7
0.4492x0.4492x7.5,7
1.05x1.0x1.0,7
5.0x0.7188x0.7188,7
0.8594x0.8594x6.4994,7
0.8984x0.8984x1.0,7
0.8456x0.8456x6.0,7
0.3125x0.3125x0.35,7
0.7813x0.7813x5.0,7
0.4688x0.4688x2.0001,7
0.4464x0.4464x6.0,7
1.0x0.7813x0.7813,7
0.7188x0.7188x10.0,7
0.9375x0.9375x1.1999,7
0.9375x5.0003x0.9375,7
0.4688x0.4688x2.0,7
0.8594x0.8594x3.9998,7
1.3x1.0x1.0,7
0.9989x0.9989x1.0001,7
1.0156x1.0156x2.0122,7
6.0x0.3594x0.3594,7
0.8594x0.8594x0.86,7
0.5078x4.9997x0.5078,7
0.3906x0.3906x0.6,7
0.7188x0.7187x7.0,7
0.4727x0.4727x5.0,6
0.4883x0.4883x6.4999,6
0.7812x0.7813x3.9999,6
0.56x0.7143x0.7143,6
1.8x1.8x1.8,6
0.7188x0.7187x3.0,6
0.9766x6.5001x0.9766,6
0.8681x0.8681x0.9999,6
0.2812x0.2812x2.2,6
1.1979x1.1979x6.0,6
0.4492x0.4492x5.55,6
1.875x1.875x2.4996,6
0.9995x1.0x1.0,6
1.0x1.0x2.0002,6
0.4102x0.4102x6.5,6
0.8125x0.8125x5.0,6
0.4492x0.4492x3.5,6
0.4883x0.4883x2.0081,6
0.7187x0.7188x7.0,6
0.7986x0.7986x6.0,6
0.9375x0.9375x0.9998,6
1.5625x1.5625x4.1997,6
0.4688x0.4688x5.0001,6
0.8594x0.8594x4.9996,6
0.3906x2.1x0.3906,6
0.875x0.875x6.0,6
0.9375x1.1004x0.9375,6
0.599x0.599x7.0,6
0.4687x0.4687x1.0,6
0.4792x6.0x0.4792,6
0.4297x0.4297x4.9999,6
0.7813x0.7813x3.9999,6
0.449x0.449x5.9998,6
0.2812x0.2812x3.3,6
0.9375x0.9375x1.2999,6
0.65x0.651x0.651,6
0.7812x0.7812x4.0001,6
5.0x0.9766x0.9766,6
0.9996x1.0x1.0,6
5.0001x0.5078x0.5078,6
0.8594x0.8594x5.0003,6
0.9766x0.9766x6.5,6
0.8594x0.8594x5.0002,6
0.449x0.449x5.9997,6
0.3594x0.3594x3.5,6
1.3908x1.3908x2.0313,6
1.0x0.8984x0.8984,6
1.7188x1.7188x2.6,6
0.5208x0.5208x0.65,6
0.6577x0.6577x6.0,6
0.5476x0.5476x6.0,6
0.4883x0.4883x0.8,6
1.0x1.0x0.5,6
0.7031x0.7031x2.2,6
1.2x0.4883x0.4883,6
0.3125x0.3125x2.4,6
0.5729x0.5729x6.0,6
0.7813x0.7813x2.2002,6
0.7813x0.7813x2.1998,6
1.8269x1.8269x1.8,6
5.0x1.0x1.0,6
0.4688x0.4688x0.8002,6
1.0849x1.0849x6.0,6
1.1x1.0714x1.0714,6
2.0313x2.0313x2.2001,6
1.0x1.0x1.5,6
0.3906x0.3906x3.3,6
1.0006x1.0x1.0,5
0.4492x0.4492x1.0,5
0.4688x0.4687x6.0,5
0.8203x0.8203x2.5,5
1.0001x1.0x1.0001,5
0.5x0.5x1.5,5
0.45x0.4536x0.4536,5
0.6x0.5966x0.5966,5
0.7812x0.7813x4.0001,5
0.4297x0.4297x5.0001,5
0.625x0.625x6.0,5
0.6x6.0x0.6,5
0.9375x0.9375x1.2001,5
0.3984x0.3984x5.9999,5
1.0007x1.0x1.0,5
2.8x0.3125x0.3125,5
0.8594x2.3x0.8594,5
0.8594x0.8594x4.0003,5
0.558x0.558x5.0,5
0.8594x1.0001x0.8594,5
0.8x0.7708x0.7708,5
0.3125x0.3125x6.0,5
0.3437x0.3437x6.0,5
0.9375x1.5x0.9375,5
6.0x0.6329x0.6329,5
0.5787x1.0x0.5787,5
0.7031x6.0x0.7031,5
2.0192x2.0192x1.9999,5
0.293x0.293x0.4,5
0.3516x0.3516x5.0,5
0.4883x0.4883x5.5,5
1.0156x1.0156x5.0,5
0.4688x0.4687x7.0,5
0.4688x0.4688x2.0002,5
6.0x0.4688x0.4688,5
0.9766x0.9766x2.0,5
5.0x0.4492x0.4492,5
0.413x0.413x0.5,5
0.375x0.375x2.4999,5
0.5324x0.5324x6.0,5
5.0x0.4688x0.4688,5
0.449x0.449x5.9999,5
1.0x0.75x0.75,5
0.5026x0.5026x0.5,5
0.4911x0.4911x6.5,5
1.0938x1.1x1.0938,5
0.8984x7.0x0.8984,5
0.75x0.75x6.5,5
1.0938x1.0938x6.0001,4
0.5659x1.0x0.5659,4
1.0938x1.0938x6.0,4
0.9766x0.9766x0.9766,4
0.4018x0.4018x3.3,4
0.3125x0.3125x4.4,4
0.575x0.575x6.0,4
1.7031x1.7031x1.9,4
0.7x0.6944x0.6944,4
1.8125x1.8125x1.9995,4
0.8984x0.8984x1.2,4
0.3906x0.3906x2.2,4
1.5972x1.5972x2.0,4
0.7812x0.7812x2.2,4
0.5078x0.5078x1.5,4
0.4297x0.4297x1.4,4
0.4687x0.4687x6.5,4
0.4688x0.4688x2.2,4
0.5625x0.5625x3.3,4
1.2x0.5273x0.5273,4
0.98x0.9766x0.9766,4
0.6x0.5273x0.5273,4
0.4799x0.4799x3.3,4
0.3516x0.3516x3.6,4
0.8594x0.8594x2.2004,4
0.8594x0.8594x2.1998,4
0.4688x0.4688x0.7996,4
0.8594x0.8594x2.2006,4
0.9x0.75x0.75,4
3.0x3.0x5.0004,4
0.4911x0.4911x0.5,4
2.0x2.0x2.024,4
0.8x0.4883x0.4883,4
0.2494x0.2494x1.8,4
0.4688x0.4688x1.9999,4
1.3908x1.3908x2.0312,4
0.7188x0.7187x6.5,4
0.9994x1.0x1.0,4
0.4785x0.4785x0.5,4
0.8984x0.8984x5.55,4
0.7375x0.7375x2.0,4
2.1562x2.1562x2.0,4
0.4102x0.4102x5.2,4
1.0156x1.0156x2.0,4
0.957x0.957x3.0,4
0.5x0.4785x0.4785,4
0.9375x0.9375x3.4998,4
6.0x0.5x0.5,4
2.0192x2.0192x2.4,4
0.763x0.763x6.0,4
1.0547x1.0547x6.0,4
0.2446x3.0x0.2446,4
0.734x0.734x6.0,4
1.0938x1.0938x1.102,4
0.9746x0.9746x6.0,4
0.7188x0.7188x5.55,4
0.7594x0.7594x5.0,4
1.1161x1.1161x6.0,4
0.4915x0.4915x6.0,4
0.9375x4.9996x0.9375,4
0.9375x5.0004x0.9375,4
0.9375x1.0996x0.9375,4
1.0x0.9996x1.0,4
0.9x0.7813x0.7813,4
0.3594x0.3594x7.0,4
0.7237x0.7237x6.0,4
0.9x0.4902x0.4902,4
1.7266x1.7266x4.0001,4
0.4688x0.4688x0.7997,4
0.8594x0.8594x2.2002,4
0.8594x0.9995x0.8594,4
0.4102x0.4102x5.5,4
0.8594x0.8594x6.5003,4
0.7x0.6667x0.6667,4
2.2222x2.2222x2.0,4
1.0938x1.0938x5.9999,4
0.8203x0.8203x6.5,4
0.3438x0.3438x3.5,4
0.4167x0.4167x5.0,4
0.7188x0.7188x5.2,4
0.7188x0.7188x5.5,4
0.946x0.946x1.0,4
1.0008x1.0x1.0,4
0.7974x6.0x0.7974,4
1.0x0.958x0.958,4
2.0x2.0x1.9998,4
0.5758x0.5758x6.0,4
7.0x0.8984x0.8984,4
0.5x0.4657x0.4657,4
0.8984x0.8984x6.0001,4
0.98x1.0x1.0,4
0.5729x0.5729x2.75,4
0.293x0.293x3.3,4
0.25x0.25x2.2,4
0.375x0.375x4.4,4
0.3255x0.3255x5.0,4
0.7188x0.7188x7.5,4
1.0x1.0781x1.0781,4
0.4687x6.0x0.4687,4
0.9766x6.5006x0.9766,4
0.5357x0.5357x3.6,4
0.5312x0.5312x2.2,4
0.5x0.5x3.3,4
0.9766x6.4992x0.9766,4
0.6x0.6x0.5,4
0.6x0.4883x0.4883,4
0.75x0.75x1.5,4
0.9766x0.9766x4.9999,4
0.9x0.4787x0.4787,4
0.2969x0.2969x2.2,4
0.5208x0.5208x3.3,4
0.8681x0.8681x1.0001,4
0.2813x0.2812x3.3,4
0.4464x0.4464x3.3,4
0.6641x0.6641x2.2,4
0.8594x0.8594x4.0002,4
1.0156x1.0156x6.4998,4
0.4697x0.4697x7.0,4
1.6x1.625x1.625,4
1.0045x1.0045x6.0,4
0.8015x0.8015x2.4,3
0.5078x4.9999x0.5078,3
0.9531x1.04x0.9531,3
1.11x1.0x1.0,3
0.7813x0.7812x3.9999,3
0.9997x1.0x1.0,3
0.7998x0.8x0.8,3
0.8001x0.8x0.8,3
6.5x0.4102x0.4102,3
3.5995x1.7188x1.7188,3
0.6x0.5994x0.5994,3
0.8594x0.8594x4.9998,3
1.5625x1.5625x4.1996,3
0.4464x0.4464x1.0,3
0.6631x1.0x0.6631,3
0.5x0.4412x0.4412,3
0.9766x0.9766x6.4999,3
6.0x0.8984x0.8984,3
0.8333x0.8333x0.8,3
5.4999x0.9766x0.9766,3
0.9766x5.5x0.9766,3
0.1758x2.3x0.1758,3
0.3906x0.5x0.3906,3
0.4688x0.4688x0.5,3
0.3125x0.3125x0.5,3
0.3594x0.3594x5.55,3
1.0x1.0005x1.0,3
2.1111x2.1111x2.0,3
1.0x1.0x1.1,3
0.8594x0.9999x0.8594,3
0.7813x0.7813x5.5,3
0.449x0.449x6.0003,3
1.0x1.0004x1.0,3
0.8594x0.8594x6.5004,3
1.8x1.7981x1.7981,3
0.625x0.625x5.0,3
0.2679x0.2679x5.0,3
0.599x0.599x6.5,3
0.558x0.558x6.0,3
0.9375x0.9375x3.0002,3
0.9375x2.0002x0.9375,3
0.6278x1.0x0.6278,3
0.8582x0.8582x6.0,3
1.1979x1.1979x5.0,3
0.6562x0.6562x5.0,3
6.0x0.75x0.75,3
0.625x6.0x0.625,3
0.9375x1.4998x0.9375,3
0.3996x2.0x0.3996,3
0.4062x0.4063x3.0,3
0.7344x0.7344x7.0,3
0.6534x0.6534x6.0,3
0.375x0.375x5.2,3
0.459x0.459x6.0,3
0.9x0.4643x0.4643,3
1.0x1.0938x1.0938,3
0.6562x0.6562x4.8,3
1.0938x1.0938x7.0,3
0.2865x0.2865x5.0,3
0.3125x0.3125x5.5,3
0.4687x0.4687x5.0,3
0.625x0.625x4.4,3
0.7187x0.7188x6.5,3
0.3906x0.3906x0.83,3
0.3x0.2995x0.2995,3
0.938x0.938x1.0,3
0.9989x0.9989x0.9999,3
0.4688x0.4688x4.0001,3
1.5625x1.5625x4.2,3
0.4297x0.4297x3.5,3
0.7188x0.7187x4.0,3
0.7812x0.7812x6.5,3
0.5999x0.4492x0.4492,3
0.4687x0.4688x4.0,3
0.7617x0.7617x0.76,3
1.875x1.875x2.4998,3
0.8203x0.8203x5.0,3
0.6406x0.6406x5.0,3
0.8203x0.8203x5.6,3
0.6x0.5324x0.5324,3
0.625x0.625x7.0,3
0.4883x0.4883x0.9,3
0.4687x0.4688x7.0,3
0.7188x0.7188x4.5,3
0.7187x0.7188x4.0,3
0.8984x0.8984x4.0,3
0.55x0.5488x0.5488,3
0.4883x0.4883x7.0,3
1.0x0.9615x0.9615,3
0.2567x0.2567x5.0,3
0.4883x0.4883x4.0,3
0.5134x0.5134x5.0,3
4.0x0.2995x0.2995,3
0.9x0.5769x0.5769,3
0.5787x6.0x0.5787,3
0.3437x0.3437x5.0,3
1.0547x1.0547x2.0,3
0.4297x0.4297x5.6,3
0.4492x0.4492x6.1,3
0.7813x0.7812x6.5,3
0.599x0.599x0.6,3
0.4687x0.4688x1.0,3
0.4297x0.4297x10.0,3
0.8x0.8036x0.8036,3
0.9375x0.9375x1.2005,3
0.4297x0.4297x0.5,3
0.4492x0.4492x4.0,3
0.5134x0.5134x6.5,3
0.3594x0.3594x4.4,3
0.4297x0.4297x3.9,3
0.5078x4.5006x0.5078,3
0.8203x5.0003x0.8203,3
0.2502x0.2505x1.4978,3
0.25x0.25x1.5,3
0.9766x4.9998x0.9766,3
0.9766x5.0x0.9766,3
1.0x1.0039x1.0,3
6.0x0.4792x0.4792,3
6.0x0.4802x0.4802,3
0.5078x6.4999x0.5078,3
1.0156x1.0156x6.5,3
0.5078x4.9995x0.5078,3
0.5078x6.5003x0.5078,3
0.8594x0.8594x2.0001,3
0.49x0.49x0.4,3
1.7476x1.7476x2.8,3
0.8594x0.8594x3.9996,3
4.5x0.5078x0.5078,3
1.0x0.9727x0.9727,2
1.0156x1.0156x4.9998,2
0.4297x6.5x0.4297,2
0.4492x6.4998x0.4492,2
0.45x0.4545x0.4545,2
0.8x0.8x0.806,2
6.4999x0.5078x0.5078,2
5.9999x0.3594x0.3594,2
0.7969x0.7969x6.0,2
0.5x0.4729x0.4729,2
0.9375x0.9375x5.9993,2
0.9x0.599x0.599,2
0.5556x6.0x0.5556,2
0.85x0.4785x0.4785,2
3.3x0.7813x0.7812,2
3.3x0.8125x0.8125,2
3.9x0.5357x0.5357,2
3.9x0.7812x0.7813,2
1.199x1.0547x1.0547,2
0.8594x0.8594x4.9997,2
0.8594x0.8594x4.9995,2
2.8359x2.8359x2.0,2
0.7187x0.7187x3.0,2
0.9766x0.9766x1.0001,2
0.9375x0.9375x1.0005,2
6.0001x0.3594x0.3594,2
0.9914x0.9914x6.0,2
0.5x0.4514x0.4514,2
0.9375x0.9375x1.2481,2
0.9375x0.9375x1.2639,2
0.9375x0.9375x1.2651,2
1.9063x1.9062x2.35,2
0.9375x0.9375x1.2496,2
0.9375x0.9375x1.2492,2
0.7x1.0x1.0,2
0.9375x0.9375x1.2478,2
0.9375x0.9375x1.279,2
1.75x1.75x2.0113,2
0.9375x0.9375x1.2387,2
0.9375x0.9375x1.2506,2
0.9375x0.9375x1.2483,2
1.75x1.75x2.3742,2
1.75x1.75x2.3675,2
1.75x1.75x2.308,2
0.9375x0.9375x1.2517,2
0.9375x0.9375x1.2654,2
0.9766x0.9766x1.25,2
0.9375x0.9375x1.2505,2
1.0938x1.0938x1.1,2
0.9375x0.9375x3.5003,2
1.5625x1.5625x4.1999,2
1.5625x1.5625x4.1998,2
3.9x0.7813x0.7812,2
3.9x0.5804x0.5804,2
3.9x0.8125x0.8125,2
3.9x0.5134x0.5134,2
0.5x0.5x1.4998,2
0.8984x0.8984x6.7074,2
1.0x0.8456x0.8456,2
2.0078x2.0078x2.0,2
1.0x1.0117x1.0117,2
1.0225x1.0225x6.0,2
0.7734x6.0x0.7734,2
0.5972x0.5972x6.0,2
0.5469x0.5469x6.0,2
1.0148x1.0148x6.0,2
0.9803x0.9803x6.0,2
0.9375x6.0x0.9375,2
0.9703x0.9703x6.0,2
0.7042x0.7042x6.0,2
0.4892x0.4892x0.9,2
0.9375x4.9995x0.9375,2
0.9375x1.4999x0.9375,2
0.4687x5.0003x0.4687,2
0.8594x1.0x0.8594,2
0.4336x2.0x0.4336,2
0.9x0.8477x0.8477,2
0.821x0.821x1.0,2
1.2x1.3281x1.3281,2
0.615x1.0x0.615,2
0.9x0.4657x0.4657,2
0.957x0.957x6.0,2
0.6x0.5664x0.5664,2
0.6x0.5x0.5,2
0.9x0.9766x0.9766,2
0.8594x0.8594x6.1649,2
0.8984x0.8984x6.2322,2
0.875x0.875x6.5615,2
0.8x0.5078x0.5078,2
0.55x0.7572x0.7572,2
0.5x0.5x1.5004,2
0.8984x0.8984x6.4003,2
6.0x0.8846x0.8846,2
0.98x0.4883x0.4883,2
0.5x0.4924x0.4924,2
1.0111x0.9766x0.9766,2
0.8929x0.8929x6.0,2
0.5078x0.5078x1.5007,2
1.2x1.3021x1.3021,2
1.0x0.5134x0.5134,2
5.8847x0.8099x0.8099,2
0.875x0.875x6.2913,2
0.5x0.4825x0.4825,2
1.0x1.0268x1.0268,2
1.0x0.8571x0.8571,2
0.4297x0.4297x3.0,2
0.4297x0.4297x0.3499,2
0.9375x0.9375x3.5002,2
0.9375x1.9998x0.9375,2
0.8152x0.8152x6.0,2
0.56x0.5642x0.5642,2
0.6526x1.0x0.6526,2
0.4643x0.4643x6.0,2
0.9386x0.9386x5.0,2
1.0714x1.0714x6.0,2
6.0x0.6579x0.6579,2
0.938x0.938x7.0001,2
0.6562x0.6563x4.8,2
0.4883x0.4883x2.0082,2
0.4688x0.4688x4.3,2
0.2148x0.2148x5.0,2
0.5x0.5x1.0189,2
1.0352x1.0352x2.0,2
0.4492x0.4492x5.4,2
0.4883x1.0x0.4883,2
0.55x0.3714x0.3714,2
0.9x0.5844x0.5844,2
0.599x6.0x0.599,2
0.5x0.3716x0.3716,2
0.2446x0.9x0.2446,2
0.7031x5.9x0.7031,2
0.2446x0.2446x3.0,2
0.4375x0.4375x6.0,2
0.75x0.75x5.2,2
0.7188x0.7188x6.25,2
0.6818x0.6818x1.0,2
0.4107x0.4107x6.0,2
1.1458x1.1458x5.0,2
0.75x0.75x10.0,2
0.9219x0.9219x5.0,2
0.4044x0.4044x1.5,2
0.3906x2.3x0.3906,2
0.4375x0.4375x0.6001,2
0.4375x0.4375x0.6,2
0.4688x0.4688x0.4999,2
0.625x0.625x6.5,2
0.957x0.957x1.0,2
0.8333x0.8333x0.5,2
0.75x0.75x4.0,2
0.7187x0.7188x6.0,2
1.0x1.0x1.0189,2
0.4883x0.4883x2.0145,2
0.4688x0.4688x5.9,2
0.5729x0.5729x7.0,2
0.2344x0.2344x6.0,2
0.9727x0.9727x5.0,2
0.7627x6.0x0.7627,2
0.6534x6.0x0.6534,2
0.4199x0.4199x5.0,2
1.0x0.9804x0.9804,2
1.2x0.5851x0.5851,2
0.1925x1.0x0.1925,2
0.9769x0.9769x6.0,2
6.0x0.7759x0.7759,2
1.2x0.5952x0.5952,2
1.0156x1.0156x0.9,2
0.7812x0.7812x1.0,2
1.1036x1.1036x6.0,2
0.9375x0.9375x5.9998,2
0.4883x0.4883x3.0,2
0.7895x0.7895x6.0,2
0.7143x0.7143x6.0,2
0.3947x0.3947x6.0,2
0.498x0.498x1.0,2
0.6875x0.6875x10.0,2
0.5134x0.5134x5.2,2
0.9766x0.9766x7.0,2
0.4911x0.4911x6.0,2
0.9375x0.9375x1.4997,2
0.9375x0.9375x1.4994,2
1.0156x1.0156x1.5,2
2.1563x2.1562x2.0,2
0.9375x0.9375x1.5005,2
0.4746x0.4746x2.0,2
0.5x0.4098x0.4098,2
0.5903x0.5903x6.0,2
0.5808x0.5808x6.0,2
0.5469x6.0x0.5469,2
0.4688x0.4688x6.0001,2
0.8646x0.8646x6.0,2
0.8125x0.8125x5.5928,2
0.5x0.3905x0.3905,2
0.5x0.4714x0.4714,2
0.5078x0.5078x2.0,2
0.8203x0.8203x5.8,2
0.8789x0.8789x10.0,2
0.4883x0.4883x1.05,2
0.4688x0.4687x4.0,2
0.744x0.744x1.0,2
1.0417x1.0417x6.2,2
0.8203x0.8203x5.7,2
0.4297x0.4297x0.6,2
0.2604x0.2604x0.7,2
0.293x0.293x0.5,2
0.2604x0.2604x0.6,2
0.9989x0.9989x6.0,2
0.9996x0.9996x6.0,2
1.0235x1.0235x6.0,2
0.3781x0.3781x5.0,2
0.8594x0.8594x5.55,2
0.9774x0.9774x6.0,2
1.0x0.9846x0.9846,2
0.8946x0.8946x6.0,2
0.5x0.4253x0.4253,2
0.8993x0.8993x6.0,2
0.9235x0.9235x6.0,2
0.5556x0.5556x6.0715,2
0.842x0.842x6.0,2
0.8984x0.8984x5.7,2
0.4062x0.4062x5.0,2
0.4102x0.4102x6.0,2
0.8545x0.8545x6.0,2
0.9375x0.9375x6.0001,2
0.9542x0.9542x6.0,2
1.0268x1.0268x6.0,2
1.0938x1.0937x6.0,2
0.777x0.777x6.0,2
0.8884x0.8884x6.0,2
0.6719x0.6719x5.0,2
0.8867x6.0x0.8867,2
0.8984x0.8984x5.9999,2
1.0x0.9922x0.9922,2
1.03x1.03x6.0,2
1.0995x1.0995x6.0,2
6.0x0.7474x0.7474,2
0.9295x0.9295x6.0,2
0.4492x0.4492x0.8999,2
0.4492x0.4492x0.9001,2
1.7266x1.7266x3.9997,2
0.5x0.4071x0.4071,2
0.4688x0.4688x0.7994,2
0.4688x0.4688x0.8003,2
0.4688x0.4688x0.7993,2
0.4688x0.4688x0.8005,2
0.4492x0.4492x6.4996,2
0.4492x0.4492x6.5003,2
1.1719x1.1719x5.0,2
4.9999x0.4688x0.4688,2
0.947x0.947x6.0,2
0.5271x0.5271x6.0,2
0.9826x0.9826x6.0,2
0.4492x0.4492x6.4995,2
0.3438x0.3437x3.45,2
0.3516x0.3516x2.6,2
0.2812x0.2813x3.3,2
0.3437x0.3438x3.9,2
0.3516x0.3516x3.45,2
0.4911x0.4911x3.75,2
0.8594x0.8594x6.5002,2
0.3516x0.3516x2.75,2
0.4102x0.4102x3.3,2
0.3594x0.3594x3.6,2
0.2344x0.2344x3.3,2
0.3438x0.3438x3.45,2
0.293x0.293x2.75,2
0.275x0.275x2.2,2
0.332x0.332x3.3,2
0.9375x0.9375x0.5001,2
0.9688x0.9688x0.5,2
0.9766x0.9766x0.5,2
0.4688x0.4688x1.9998,2
0.5134x0.5134x0.7,2
0.2778x0.2778x0.3,2
0.293x0.293x0.35,2
0.2812x0.2812x0.3,2
0.2813x0.2812x0.3,2
0.9375x0.9375x0.4993,2
0.3281x0.3281x4.4,2
0.293x0.293x4.4,2
0.3516x0.3516x3.57,2
0.375x0.375x3.9,2
0.3828x0.3828x4.4,2
0.7812x0.7812x4.4,2
0.4687x0.4688x2.75,2
0.5625x0.5625x4.4,2
0.3223x0.3223x2.2,2
0.375x0.375x3.6,2
0.3516x0.3516x2.4,2
0.3496x0.3496x3.3,2
0.5469x0.5469x2.2,2
2.2x0.293x0.293,2
0.2656x0.2656x2.2,2
0.6641x0.6641x3.3,2
0.332x0.332x2.75,2
0.5938x0.5938x3.3,2
1.4x1.0156x1.0156,2
0.5469x0.5469x3.3,2
0.599x0.599x3.3,2
0.4911x0.4911x3.36,2
0.3125x0.3125x2.75,2
0.5938x0.5938x2.2,2
0.375x0.375x3.3,2
0.5208x0.5208x4.4,2
0.6055x0.6055x2.2,2
2.3438x2.3438x2.0,2
1.0067x0.9375x0.9375,2
0.8594x0.8594x1.9999,2
2.1519x2.1519x2.2,2
0.8594x0.8594x2.5,2
0.2474x0.2474x3.3,2
0.3594x0.3594x6.6,2
0.7812x0.7812x3.9999,2
0.7813x0.7812x4.0,2
1.0x1.0x1.3,2
0.8984x0.8984x2.5,2
0.9766x0.9766x2.5,2
0.4766x1.0x0.4766,2
0.8594x1.0005x0.8594,2
2.0313x2.0313x2.1999,2
0.8594x1.0006x0.8594,2
1.0156x1.0156x2.2001,2
1.0156x1.0156x2.2,2
0.5312x0.5312x3.3,2
2.2917x2.2917x6.0,2
0.4297x0.4297x4.9998,2
0.449x0.449x2.4998,2
1.9792x1.9792x2.1,2
1.0x0.9805x0.9805,2
0.449x0.449x6.0001,2
3.0x3.0x4.9996,2
1.0x1.0x5.0,2
1.0x0.9583x0.9583,2
1.0547x1.0547x1.0547,2
0.5208x0.5208x1.0,2
1.34x0.6875x0.6875,2
0.7188x0.7188x4.4,2
1.0x1.0312x1.0312,2
0.9375x1.2x0.9375,2
0.9375x0.9375x1.6996,2
0.9998x0.9766x0.9766,2
0.6667x4.4x0.6667,2
1.0x1.0x2.0003,2
1.0x1.0x1.9998,2
6.5x0.8984x0.8984,2
1.0156x1.0156x5.0002,2
0.5078x5.0x0.5078,2
1.0x0.9961x0.9961,2
0.8984x6.5x0.8984,2
0.3429x0.3429x1.5,2
1.0224x1.0224x5.0,2
0.2422x1.0x0.2422,2
0.8x0.4688x0.4688,2
0.9766x0.9766x5.9999,2
0.5078x6.499x0.5078,2
0.9766x0.9766x5.0001,2
0.9766x0.9766x4.5,2
5.0x0.8203x0.8203,2
1.0x1.0078x1.0078,2
0.4883x0.4883x4.5,2
1.0x1.1328x1.1328,1
0.5x1.0039x0.5,1
1.0x1.0x1.001,1
1.0x1.001x1.0,1
0.8x0.8x1.0,1
1.0x1.1562x1.1562,1
1.0156x1.0156x4.5003,1
0.3906x0.3906x5.0001,1
0.3906x0.3906x4.9999,1
1.0156x1.0156x5.5,1
0.4883x0.4883x5.4999,1
0.4102x4.9996x0.4102,1
0.4883x0.4883x4.9999,1
1.33x0.9961x0.9961,1
0.9x0.4524x0.4524,1
0.5x0.4332x0.4332,1
0.2629x0.2629x1.0,1
0.5x0.3893x0.3893,1
0.5721x6.0x0.5721,1
1.12x1.1161x1.1161,1
0.55x0.3718x0.3718,1
0.5x0.4823x0.4823,1
1.0x0.8929x0.8929,1
4.0x0.2979x0.2979,1
6.5x0.4492x0.4492,1
3.9x0.6027x0.6027,1
0.9x0.4688x0.4688,1
3.6x0.7813x0.7812,1
6.0x0.4297x0.4297,1
3.3x0.8438x0.8438,1
0.8594x0.8594x5.0001,1
0.8594x0.8594x4.0004,1
0.8594x0.8594x3.9995,1
0.8594x0.8594x4.9999,1
0.8594x0.8594x3.9997,1
0.8594x0.8594x5.0005,1
0.8x0.8x1.2,1
0.8594x0.8594x3.9867,1
0.8984x4.0x0.8984,1
0.7x0.7656x0.7656,1
0.3906x3.5x0.3906,1
6.0x0.7617x0.7617,1
0.9968x0.9991x0.9977,1
1.0x0.9413x0.9413,1
1.0x0.9415x0.9415,1
0.9993x1.0x1.0,1
1.0729x2.9995x1.0729,1
0.9375x1.1992x0.9375,1
0.8681x0.8681x1.3,1
0.4873x0.4873x2.0,1
0.7386x0.7386x1.3,1
0.9583x0.9583x1.3,1
1.0057x0.9766x0.9766,1
1.0x1.1x1.0,1
0.9998x0.4883x0.4883,1
0.8594x1.1x0.8594,1
1.0x0.8333x0.8333,1
0.88x0.88x1.2,1
0.6875x0.6875x5.2,1
0.7188x5.2x0.7188,1
0.6667x0.6667x3.675,1
0.7188x5.07x0.7188,1
1.0x0.9368x0.9368,1
1.0x0.9371x0.9371,1
1.0x0.8341x0.8341,1
1.0x0.8516x0.8516,1
1.0x0.9407x0.9407,1
1.0x1.0x0.9998,1
1.2x1.1927x1.1927,1
1.0x0.9369x0.9369,1
1.0156x1.0156x6.5001,1
6.5x1.0547x1.0547,1
1.0415x1.0415x1.1,1
1.0309x1.0309x1.1,1
0.7996x0.5x0.5,1
0.7996x0.8x0.8,1
1.0x1.0x1.9997,1
0.9375x0.9375x1.7004,1
0.78x0.78x2.5,1
0.7812x0.7813x4.0002,1
1.3x1.0156x1.0156,1
1.0x1.0278x1.0278,1
1.0x0.4766x0.4766,1
0.7188x0.7188x2.5,1
0.9531x1.0x0.9531,1
0.4688x0.4688x1.9997,1
1.0x1.0x2.5,1
0.9x0.4297x0.4297,1
0.6024x1.5x0.6024,1
2.0x0.9766x0.9766,1
1.5x1.0x1.0,1
0.4x0.49x0.49,1
0.7813x0.7813x4.0001,1
0.7812x0.7812x4.0003,1
1.0x0.6875x0.6875,1
0.4082x2.0x0.4082,1
0.449x0.449x2.5227,1
0.449x0.449x5.8692,1
1.0x1.0x5.0002,1
0.8594x1.0004x0.8594,1
0.8594x1.0003x0.8594,1
0.8594x0.9998x0.8594,1
0.8594x0.9994x0.8594,1
0.449x0.449x6.0013,1
3.6x0.4492x0.4492,1
0.8x0.8203x0.8203,1
0.8203x0.8x0.8203,1
0.5x1.0x1.0,1
0.8594x1.5x0.8594,1
1.0x0.7109x0.7109,1
0.8594x0.8594x3.3,1
0.6875x0.6875x2.2,1
0.4316x1.8x0.4316,1
12.6x0.4492x0.4492,1
1.0x0.9866x0.9866,1
0.8594x2.0001x0.8594,1
0.8594x2.0002x0.8594,1
0.7813x0.7812x4.0001,1
0.3125x2.3x0.3125,1
2.3x0.1563x0.1563,1
1.0x0.918x0.918,1
0.75x0.75x3.0002,1
0.75x0.75x3.0004,1
0.75x0.75x3.0001,1
0.75x0.75x2.9998,1
0.75x0.75x2.9999,1
0.6187x1.8x0.6187,1
1.0x0.8594x0.8594,1
0.8594x2.0x0.8594,1
0.625x2.0x0.625,1
0.8672x0.8672x3.0,1
2.5x0.1563x0.1563,1
0.83x0.85x0.85,1
0.2344x0.2344x0.45,1
0.5x4.0x0.5,1
1.0x0.9425x0.9425,1
0.7x0.8594x0.8594,1
0.8889x0.8889x1.0,1
0.999x0.999x1.0,1
1.0x0.9983x0.9983,1
0.8594x0.8594x2.0005,1
0.7852x1.5x0.7852,1
0.5x0.25x0.25,1
0.4297x7.0002x0.4297,1
0.7986x6.0x0.7986,1
0.1987x1.0x0.1987,1
0.1855x1.0x0.1855,1
0.8839x6.0x0.8839,1
0.1757x1.0x0.1757,1
0.806x6.0x0.806,1
0.5208x0.5208x0.6,1
0.2415x0.2415x0.3,1
0.9375x0.9375x0.5003,1
0.9375x0.9375x0.4998,1
0.9375x0.9375x0.5002,1
0.4688x0.4688x2.0003,1
0.7x0.8x0.8,1
0.2331x1.0x0.2331,1
0.3906x0.3906x0.9002,1
0.2474x0.2474x0.6,1
0.3906x0.3906x0.5999,1
0.3906x0.3906x0.6001,1
0.5208x0.5208x0.75,1
0.2812x0.2812x0.6,1
0.3125x0.3125x0.6,1
0.2604x0.2604x0.8,1
5.0x0.7188x0.7187,1
0.9375x0.9375x0.5004,1
0.3x0.2982x0.2982,1
0.8x0.6313x0.6313,1
0.8001x0.8008x0.8008,1
0.7996x0.8008x0.8008,1
2.4x0.8008x0.8008,1
0.2222x0.2222x0.65,1
6.4997x0.4492x0.4492,1
0.8984x0.8984x3.6002,1
0.8984x0.8984x4.4999,1
0.8984x0.8984x3.7001,1
0.8984x0.8984x3.5997,1
0.8984x0.8984x3.7,1
0.8984x0.8984x3.6998,1
0.8984x0.8984x3.6004,1
0.8594x7.0x0.8594,1
0.7x0.75x0.75,1
6.5x0.8594x0.8594,1
0.4492x0.4492x6.4994,1
0.8x1.0x1.0,1
0.7999x0.7688x0.7688,1
0.8477x0.8477x6.5,1
0.4492x0.4492x6.5004,1
0.2457x1.0x0.2457,1
0.7966x6.0x0.7966,1
0.7375x1.0x0.7375,1
0.5x0.4834x0.4834,1
0.1999x1.0x0.1999,1
6.0x0.8712x0.8712,1
0.5768x1.0x0.5768,1
0.5496x1.0x0.5496,1
0.8203x6.0x0.8203,1
6.0x0.5078x0.5078,1
0.5x0.3696x0.3696,1
0.5x0.413x0.413,1
1.2x0.5747x0.5747,1
0.8036x6.0x0.8036,1
6.0x0.6477x0.6477,1
0.5x0.2496x0.2496,1
0.2604x0.2604x0.6001,1
0.2604x0.2604x0.4,1
0.3819x0.3819x0.3992,1
0.3906x0.3906x0.45,1
0.2344x0.2344x0.5,1
1.0101x0.9957x0.9941,1
1.007x0.9933x0.9997,1
1.0609x0.9452x0.9905,1
0.5x0.4342x0.4342,1
0.1869x1.0x0.1869,1
0.6556x1.0x0.6556,1
0.3125x0.3125x0.3999,1
0.5729x0.5729x0.7,1
0.2222x0.2222x0.6,1
0.3819x0.3819x0.4,1
0.5208x0.5208x0.7,1
0.4297x7.0x0.4297,1
0.2392x1.0x0.2392,1
0.6181x1.0x0.6181,1
0.5x0.3784x0.3784,1
0.8681x6.0x0.8681,1
1.0x0.9143x0.9143,1
0.5889x0.5889x6.0,1
6.0x0.599x0.599,1
0.8984x0.8984x4.4997,1
0.8984x0.8984x3.5998,1
0.8984x0.8984x3.5995,1
1.7266x1.7266x3.9999,1
0.55x0.5056x0.5056,1
0.5x0.4054x0.4054,1
0.5x0.387x0.387,1
1.0x0.957x0.957,1
0.5x0.3703x0.3703,1
0.242x1.0x0.242,1
0.6676x1.0x0.6676,1
0.3359x0.3359x5.0,1
0.4883x0.4883x2.0769,1
0.8684x6.0x0.8684,1
0.5x0.4252x0.4252,1
0.5x0.4635x0.4635,1
0.4297x0.4297x5.0003,1
0.5729x0.5729x5.0003,1
0.6037x6.0x0.6037,1
0.4464x6.0x0.4464,1
0.4785x0.5006x0.4785,1
0.2427x1.0x0.2427,1
0.8984x0.8984x5.9995,1
0.8594x5.9994x0.8594,1
1.0077x0.9961x0.9961,1
1.0058x0.9974x0.9968,1
1.0073x0.9966x0.996,1
1.0203x0.9802x0.999,1
1.0315x0.9799x0.9878,1
1.0385x0.9618x0.9982,1
1.0155x0.9906x0.9937,1
1.0251x0.9906x0.9838,1
1.0167x0.9981x0.9849,1
1.0082x0.9928x0.999,1
1.0041x0.9963x0.9996,1
1.0071x0.9943x0.9985,1
1.0089x0.9963x0.9948,1
1.0001x0.9999x1.0,1
1.0016x0.9989x0.9995,1
1.0132x0.9969x0.9898,1
6.0x0.575x0.575,1
0.56x0.5449x0.5449,1
6.0x0.7197x0.7197,1
0.5x0.4486x0.4486,1
0.5x0.406x0.406,1
0.9x0.406x0.406,1
0.8849x6.0x0.8849,1
0.6026x6.0x0.6026,1
0.1739x1.0x0.1739,1
0.9x0.4505x0.4505,1
1.0352x1.0352x0.9,1
0.4297x0.4297x6.1,1
0.9x0.463x0.463,1
0.5938x6.0x0.5937,1
0.5362x6.0x0.5362,1
0.6528x6.0x0.6528,1
0.464x0.464x6.0,1
5.0x0.5273x0.5273,1
1.0547x6.0x1.0547,1
0.8857x6.0x0.8857,1
0.463x6.0x0.463,1
0.6x0.5114x0.5114,1
0.5x0.4545x0.4545,1
0.9x0.4888x0.4888,1
0.5x0.4513x0.4513,1
0.2313x1.0x0.2313,1
0.6027x0.6027x1.0,1
0.5x0.2503x0.2503,1
0.6818x0.6818x6.0,1
0.4687x6.5001x0.4688,1
0.4688x6.0005x0.4688,1
0.5827x1.0x0.5827,1
1.0034x0.9972x0.9994,1
1.0049x0.9965x0.9986,1
1.0171x0.9947x0.988,1
1.018x0.9826x0.9991,1
1.0x1.3001x1.0,1
1.0021x0.9999x0.9979,1
1.0011x0.9998x0.9991,1
1.0085x0.9978x0.9936,1
0.6x0.5538x0.5538,1
0.1994x1.0x0.1994,1
0.4297x5.9992x0.4297,1
0.8984x5.9999x0.8984,1
0.5x0.4611x0.4611,1
0.56x0.7137x0.7137,1
0.5x0.4996x0.4996,1
6.0x0.8929x0.8929,1
0.1824x1.0x0.1824,1
6.0x0.7315x0.7315,1
0.8725x6.0x0.8725,1
0.56x0.6421x0.6421,1
0.5x0.3887x0.3887,1
0.9x0.4698x0.4698,1
0.5x0.4787x0.4787,1
0.9746x1.0x0.9746,1
6.0x0.6494x0.6494,1
5.0x0.4883x0.4883,1
0.5x0.2514x0.2514,1
0.5x0.4748x0.4748,1
0.5x0.4652x0.4652,1
0.9x0.5625x0.5625,1
0.5x0.4707x0.4707,1
0.2171x1.0x0.2171,1
0.9x0.4789x0.4789,1
0.5x0.484x0.484,1
0.5x0.4687x0.4687,1
0.1784x1.0x0.1784,1
0.4492x6.2x0.4492,1
0.5515x0.5515x6.0,1
0.5x0.4821x0.4821,1
0.1867x1.0x0.1867,1
0.293x0.293x0.45,1
0.3125x0.3125x0.3501,1
0.6548x0.6548x0.7002,1
0.3906x0.3906x0.4,1
0.5x0.475x0.475,1
0.9x0.7656x0.7656,1
1.0x0.8507x0.8507,1
6.0x0.7352x0.7352,1
0.625x0.625x0.5,1
0.3906x0.3906x0.4999,1
0.5208x0.5208x0.8,1
0.3125x0.3125x0.44,1
0.3125x0.3125x0.45,1
0.2x0.2x0.6,1
0.3125x0.3125x0.4001,1
0.3906x0.3906x0.7001,1
1.0143x0.9873x0.9983,1
1.015x0.9849x0.9999,1
1.0x1.3x1.0,1
1.0244x0.9758x0.9991,1
1.0139x0.989x0.9969,1
1.012x0.991x0.9969,1
0.3125x0.3125x0.32,1
0.2214x0.2214x0.45,1
0.2455x0.9978x0.2455,1
6.0001x0.4688x0.4688,1
6.0x0.4583x0.4583,1
0.4395x0.4395x6.0,1
0.4531x0.4531x1.0,1
0.5273x0.5273x5.0,1
0.8438x0.8437x10.0,1
0.8438x0.8437x5.0,1
0.7705x6.0x0.7705,1
0.6812x6.0x0.6812,1
0.5x0.4354x0.4354,1
0.521x1.0x0.521,1
0.4745x1.0x0.4745,1
0.4492x0.4492x6.0001,1
0.4688x0.4688x0.6001,1
0.5x0.4345x0.4345,1
0.3906x0.3906x5.5,1
0.3906x0.3906x6.0,1
0.4297x0.4688x0.4297,1
0.5x0.4475x0.4475,1
0.56x0.6452x0.6452,1
0.9x0.5583x0.5583,1
0.5281x6.0x0.5281,1
0.5x0.4735x0.4735,1
0.5424x0.5424x5.0,1
0.4746x0.4746x5.0,1
0.8008x0.8008x5.0,1
0.3873x0.3873x1.0,1
0.7292x0.7292x0.9,1
0.4512x0.4512x6.5,1
0.319x0.319x5.0,1
0.8594x0.8594x6.3,1
1.0x1.2995x1.0,1
1.0181x0.9927x0.9889,1
1.0109x0.9899x0.999,1
1.0373x0.9658x0.9956,1
1.007x0.9977x0.9953,1
0.7188x0.7188x5.1,1
0.8984x0.8984x3.5,1
0.8203x0.8203x3.0,1
0.7x0.7094x0.7094,1
1.1x0.5469x0.5469,1
1.0119x0.9971x0.9909,1
1.0303x0.9775x0.9914,1
1.0228x0.9856x0.9912,1
1.0073x0.9992x0.9934,1
1.0058x0.9966x0.9976,1
1.0259x0.9771x0.9963,1
1.1x0.918x0.918,1
0.3802x2.0x0.3802,1
1.0x0.9414x0.9414,1
0.3854x2.0x0.3854,1
1.1x1.0273x1.0273,1
1.1x1.0039x1.0039,1
1.0x1.0006x1.0006,1
1.0x0.9955x0.9955,1
0.7531x0.7531x5.0,1
0.4687x0.4688x0.94,1
0.4036x2.0x0.4036,1
0.3906x2.4x0.3906,1
0.401x2.0x0.401,1
0.3932x2.0x0.3932,1
0.388x2.0x0.388,1
0.3828x2.0x0.3828,1
0.7188x0.7187x6.0,1
0.3906x0.3906x4.4,1
0.4688x0.4688x8.0,1
0.4297x0.4297x3.3,1
0.8984x0.8984x2.0,1
0.4492x0.4492x3.885,1
0.4297x0.4297x3.885,1
0.3594x0.3594x5.5,1
0.9x0.4798x0.4798,1
0.5x0.4633x0.4633,1
6.0x0.7583x0.7583,1
0.5x0.3546x0.3546,1
0.7759x6.0x0.7759,1
6.0x0.7377x0.7377,1
0.5398x6.0x0.5398,1
0.8398x0.8398x5.0,1
0.5347x0.5347x6.0,1
1.4x0.6013x0.6013,1
0.7072x1.0x0.7072,1
0.1877x1.0x0.1877,1
0.9x0.5814x0.5814,1
0.4492x6.0034x0.4492,1
0.5x0.3383x0.3383,1
0.8197x6.0x0.8197,1
0.6875x0.6875x4.0,1
0.8594x0.8594x10.0,1
0.3125x0.3125x2.5,1
0.5x0.5x2.0,1
1.0x2.0x1.0,1
0.5x0.5x2.0149,1
0.9766x0.9766x1.009,1
0.4688x0.4688x5.9999,1
0.575x0.575x6.5,1
0.4297x0.4297x7.5,1
0.8594x0.8594x7.5,1
0.4297x0.4297x4.4,1
0.9375x2.0001x0.9375,1
0.9375x3.0002x0.9375,1
0.9375x3.5001x0.9375,1
0.9375x0.9375x4.9999,1
0.5x1.0x0.5,1
0.5134x0.5134x6.0,1
0.55x0.55x6.0,1
1.0547x1.0547x1.0,1
0.6027x0.6027x5.0,1
0.8984x0.8984x3.0,1
0.7187x0.7187x6.5,1
1.0898x1.0898x5.0,1
0.8594x0.8594x5.6,1
0.9766x0.9766x5.5,1
0.9375x0.9375x5.7,1
0.4883x0.4883x1.1,1
0.5078x0.5078x3.0,1
1.0156x1.0156x1.102,1
0.8984x0.8984x6.1,1
0.8594x0.8594x5.9,1
0.9375x0.9375x5.9,1
0.957x0.957x0.9,1
0.4883x0.4883x2.8,1
0.3711x0.3711x6.0,1
0.4844x0.4844x5.0,1
0.8984x0.8984x6.7,1
0.4229x0.4229x5.5,1
0.8459x0.8459x5.5,1
0.4102x0.4102x4.5,1
0.4466x0.4466x6.0,1
0.4375x0.4375x5.0,1
0.957x0.957x2.0,1
0.5938x0.5938x5.625,1
0.7969x0.7969x1.0,1
0.5357x0.5357x5.2,1
0.4688x0.4687x1.0,1
0.5x0.5x4.0003,1
0.4688x0.4688x4.0002,1
0.4688x0.4688x3.5,1
0.4688x0.4688x4.4002,1
1.0x1.0273x1.0273,1
0.5273x0.5273x3.0,1
0.3906x2.2x0.3906,1
0.459x0.459x7.0,1
0.5x0.5x3.9999,1
0.5x0.5x0.5001,1
0.5x0.5x0.5002,1
0.5x0.5x3.9997,1
0.4688x0.4688x0.5999,1
0.4688x0.4688x0.5001,1
0.4688x0.4688x3.9997,1
0.5x0.5x0.4997,1
0.9375x0.9375x4.0001,1
0.75x0.8x0.75,1
0.8594x0.8594x2.0007,1
1.0x0.9883x0.9883,1
0.8997x0.8984x0.8984,1
0.8994x0.8984x0.8984,1
0.4688x0.4688x3.9998,1
0.4688x0.4688x3.4999,1
0.8984x0.8984x5.2,1
0.293x0.293x5.0,1
0.3797x0.3797x4.0,1
0.8984x0.8984x5.8,1
0.8203x0.8203x2.0,1
0.4688x0.4688x5.55,1
0.4492x0.4492x11.0,1
0.9336x0.9336x5.0,1
0.56x0.7148x0.7148,1
0.5x0.5004x0.5004,1
0.5x0.4096x0.4096,1
0.5x0.4688x0.4687,1
1.2x0.5787x0.5787,1
1.0x0.8854x0.8854,1
0.3281x0.3281x5.0,1
0.612x0.612x5.0,1
0.7812x6.0x0.7813,1
0.8482x6.0x0.8482,1
0.4883x0.5006x0.4883,1
5.9999x0.4688x0.4688,1
0.5x0.3788x0.3788,1
0.2701x0.9x0.2701,1
0.5x0.465x0.465,1
0.2031x0.7571x0.2031,1
0.4102x0.4102x5.7,1
0.8984x0.8984x6.3,1
0.8594x0.8594x6.4,1
0.3734x0.3734x5.0,1
0.6328x0.6328x5.0,1
0.3164x0.3164x5.0,1
0.7469x0.7469x7.0,1
0.5x0.472x0.472,1
1.0x1.0x2.0137,1
0.5273x0.5273x2.0,1
0.75x0.75x5.5,1
0.6579x0.6579x6.0,1
0.9x0.8036x0.8036,1
0.9x0.5357x0.5357,1
0.8313x0.8313x6.0,1
0.1926x1.0x0.1926,1
0.938x0.938x7.4991,1
0.7187x0.7187x3.5,1
0.8594x0.8594x3.5,1
0.7188x0.7187x10.0,1
5.0x0.4688x0.4687,1
0.279x0.279x5.0,1
0.4492x0.4492x10.4,1
0.6562x0.6562x6.0,1
0.4492x0.4492x6.25,1
0.4883x0.4883x1.9891,1
0.3438x0.3438x4.8,1
1.0x1.0x1.1066,1
1.0x1.0x1.0943,1
0.5078x0.5078x2.0011,1
0.9023x0.9023x5.0,1
0.3672x0.3672x5.2,1
0.9766x0.9766x1.2517,1
0.9766x0.9766x1.0189,1
0.4167x0.4167x5.5,1
0.5469x0.5469x7.0,1
0.4464x0.4464x5.0,1
0.8594x0.8594x6.75,1
0.4492x0.4492x6.75,1
0.8984x0.8984x6.25,1
0.4688x1.05x0.4688,1
0.9375x0.9375x5.0003,1
0.976x0.976x1.0,1
0.9743x0.9743x1.0,1
3.0x0.9722x0.9722,1
0.5x0.4492x0.4492,1
1.45x0.9766x0.9766,1
1.0x0.9688x0.9688,1
0.6777x0.6777x6.0,1
1.3333x1.3333x2.0011,1
0.9141x0.9141x5.0,1
0.7187x0.7188x10.0,1
0.5093x0.5093x1.5,1
0.3906x0.3906x6.5,1
0.9766x0.9766x1.0026,1
0.4x0.4x1.0,1
0.5x0.4534x0.4534,1
0.1763x1.0x0.1763,1
0.8571x0.8571x6.0,1
0.8163x0.8163x6.0,1
0.678x0.678x6.0,1
0.75x0.75x4.44,1
0.8594x0.8594x3.33,1
0.8523x0.8523x6.0,1
0.4785x0.5x0.4785,1
0.5x0.3968x0.3968,1
0.8667x6.0x0.8667,1
0.3431x6.0x0.3431,1
0.5x0.375x0.375,1
0.2441x3.0x0.2441,1
0.5x0.4464x0.4464,1
1.1161x1.0x1.1161,1
0.5x0.4329x0.4329,1
1.0x0.8633x0.8633,1
0.5x0.5x0.9995,1
0.5x0.5x0.9999,1
0.5x0.5x0.9992,1
0.5x0.5x1.0001,1
0.8438x0.8438x2.9999,1
0.8438x0.8439x3.0003,1
1.0547x1.2001x1.0547,1
0.9375x0.9375x3.4997,1
0.9375x1.9999x0.9375,1
0.9375x0.9375x3.0001,1
0.4688x0.4688x3.9,1
0.5x0.3455x0.3455,1
6.0x0.6388x0.6388,1
0.4688x6.0002x0.4688,1
0.9375x1.4992x0.9375,1
0.9375x0.9375x3.5005,1
0.9375x0.9375x3.0003,1
1.0547x1.1998x1.0547,1
0.9375x0.9375x4.9998,1
0.9375x0.9375x5.0008,1
0.4687x4.9999x0.4688,1
0.9375x0.9375x5.0002,1
0.3125x0.3125x0.3,1
0.4687x5.0002x0.4687,1
0.4688x5.0001x0.4687,1
1.0938x1.0998x1.0938,1
0.9375x4.9993x0.9375,1
0.9375x0.9375x2.9998,1
0.9375x4.9994x0.9375,1
1.0547x1.2002x1.0547,1
0.6001x0.4688x0.4688,1
0.651x0.651x6.0,1
0.3594x6.0x0.3594,1
0.55x0.3739x0.3739,1
0.56x0.7102x0.7102,1
6.0x0.8333x0.8333,1
6.0x0.4521x0.4521,1
0.8176x6.6153x0.8176,1
0.9375x0.9375x3.4996,1
0.4688x1.9997x0.4688,1
0.5914x1.0x0.5914,1
0.4948x6.0x0.4948,1
0.2485x1.0x0.2485,1
6.0x0.7546x0.7546,1
0.5556x0.5556x4.0,1
0.4297x0.5078x0.4297,1
0.4688x4.9998x0.4688,1
0.4688x5.0002x0.4687,1
0.9375x1.5002x0.9375,1
0.9375x0.9375x4.9997,1
1.0x0.4687x0.4687,1
0.4218x0.4218x1.0,1
3.0x0.9375x0.9375,1
0.9375x1.1005x0.9375,1
0.8438x0.8438x3.0001,1
0.8438x0.8438x2.9998,1
0.4277x2.0x0.4277,1
1.0x1.0039x1.0039,1
0.9375x0.9375x3.5004,1
0.9375x1.0x0.9375,1
0.4688x0.4688x1.05,1
0.4688x2.0x0.4688,1
0.9999x0.5x0.4999,1
0.9999x0.5x0.5,1
0.9999x0.875x0.875,1
3.5998x1.7188x1.7188,1
0.8984x0.8984x4.9778,1
0.8984x0.8984x4.8,1
0.4492x6.4999x0.4492,1
0.375x6.9999x0.375,1
0.8947x0.8947x5.0,1
0.5x0.4875x0.4875,1
1.5625x1.5625x4.1995,1
5.0001x0.4688x0.4688,1
0.9375x1.02x0.9375,1
1.0x1.0x0.9997,1
0.4688x4.9999x0.4688,1
0.9996x0.4983x0.4983,1
0.2865x0.2865x0.6,1
0.5208x0.5208x0.83,1
0.2455x0.2455x0.7,1
0.2934x0.2934x3.3,1
4.4x0.4492x0.4492,1
0.5x0.4741x0.4741,1
0.4659x0.4659x1.0,1
0.4666x0.4666x1.0,1
6.0x0.6718x0.6718,1
1.2076x1.0x1.0,1
4.2105x4.2105x186.017,1
0.2865x0.2865x0.53,1
3.3x0.7812x0.7813,1
3.9x0.8438x0.8438,1
3.9x0.7813x0.7813,1
0.4492x0.4492x3.3,1
2.0x1.6406x1.6406,1
0.8594x6.4999x0.8594,1
0.1512x0.1512x0.15,1
2.45x1.1667x1.1667,1
0.66x0.6567x0.6567,1
1.0x1.0001x1.0001,1
1.03x1.0x1.0,1
1.0x1.0x3.3,1
0.5x0.4506x0.4506,1
0.9766x0.9766x5.4998,1
0.45x0.4464x0.4464,1
0.8984x6.5001x0.8984,1
1.0156x1.0156x6.4996,1
0.4795x8.5x0.4795,1
1.0156x1.0156x6.5003,1
1.0156x6.5005x1.0156,1
0.4687x6.0001x0.4687,1
0.3594x5.9999x0.3594,1
0.7969x0.7969x4.5,1
0.3844x0.3844x6.0,1
0.3984x0.3984x29.9999,1
0.3594x8.7999x0.3594,1
1.0156x1.0156x6.4999,1
0.5x0.3731x0.3731,1
0.5078x4.9994x0.5078,1
0.4883x6.5x0.4883,1
0.8984x12.0x0.8984,1
0.4687x0.4687x5.9999,1
0.375x6.0x0.375,1
0.4297x3.5001x0.4297,1
0.4297x3.5x0.4297,1
0.7188x7.5x0.7188,1
1.0x1.0391x1.0391,1
0.875x7.0x0.875,1
0.4297x3.5002x0.4297,1
0.5078x6.5x0.5078,1
0.4492x6.5001x0.4492,1
1.0156x1.0156x4.9999,1
0.9766x6.5005x0.9766,1
1.0156x1.0156x6.4995,1
0.55x0.5294x0.5294,1
0.5x0.3982x0.3982,1
0.1854x1.0x0.1854,1
6.0x0.7495x0.7495,1
0.5x0.4109x0.4109,1
0.5x0.5001x1.5,1
0.25x0.2507x1.4977,1
0.5729x2.5x0.5729,1
0.7266x0.7266x3.2,1
1.0x1.0234x1.0234,1
0.5336x6.0x0.5336,1
0.8125x6.0x0.8125,1
0.7597x6.0x0.7597,1
0.2167x1.0x0.2167,1
0.2645x1.0x0.2645,1
0.5x0.2401x0.2401,1
4.8x0.4492x0.4492,1
0.7812x0.7812x0.8,1
0.2865x0.2865x0.65,1
4.0x0.2778x0.2778,1
0.3516x1.6x0.3516,1
0.84x0.9375x0.9375,1
0.4688x0.4688x0.47,1
0.3516x0.3516x1.6,1
